,bands,spotify_id,musicbrainz_id,gracenote_era,member_count,spotify_popularity,spotify_genre,spotify_track_popularity,acousticness,danceability,duration_ms,energy,instrumentalness,key,liveness,loudness,mode,speechiness,tempo,time_signature,valence,lastfm_play_count,lastfm_listener_count,played_warped
0,Red Hot Chili Peppers,0L8ExT028jH3ddEcZwqJJ5,8bfac288-ccc5-448d-9573-c33ea2aa5c30,1980,10,85,alternative rock,74.0,0.049796,0.6156,276857.0,0.7357,0.0043831,5.0,0.16656,-5.734,0.0,0.04819,102.2304,4.0,0.589,270904218,4399422,0
1,Radiohead,4Z8W4fKeB5YxbusRsdQVPb,a74b1b7f-71a5-4011-9441-d0b5e4122711,1990,6,79,alternative rock,67.0,0.3258,0.4133,285986.0,0.4806,0.24914632,5.0,0.12221,-10.3577,0.0,0.0328,108.5972,3.0,0.2565,452045170,4520061,0
2,Ellie Goulding,0X2BH1fck6amBIoJhDVmmJ,33ca19f4-18c8-4411-98df-ac23890ce9f5,2010,1,82,dance pop,64.0,0.30341,0.5351,214899.0,0.6116,0.004519941,4.0,0.14061,-7.4027,0.0,0.04638,131.388,4.0,0.3863,75442764,1754758,0
3,Lana Del Rey,00FQb4jTyendYWaN8pK0wa,b7539c32-53e7-4908-bda3-81449c367da6,2010,1,84,dance pop,65.0,0.33071,0.4628,251509.0,0.6162,0.000874077,3.0,0.1367,-7.5441,0.0,0.0709,119.6218,3.0,0.25593,168730236,1626186,0
4,M83,63MQldklfxkjYDoUE4Tppz,6d7b7cd4-254b-4c25-83f6-dd20f98ceacd,2000,5,72,alternative dance,55.0,0.0395268,0.3929,281408.0,0.5633,0.10783729,5.0,0.10312,-7.8103,0.0,0.03355,113.3537,4.0,0.13118,77276968,1760071,0
5,J. Cole,6l3HvQ5sa6mXTsMTB19rO5,875203e1-8e58-4b86-8dcb-7190faf411c5,2010,1,90,dwn trap,80.0,0.45402,0.6873,237916.0,0.4237,0.009954954,8.0,0.16441,-10.7756,0.0,0.25194,128.7051,3.0,0.32711,24389466,1377360,0
6,Two Door Cinema Club,536BYVgOnRky0xjsPT96zl,6f1de078-6684-4792-820d-2ffad64c15ed,2010,1,74,alternative dance,58.0,0.04172215,0.6099,216201.0,0.7334,0.017190159,4.0,0.16996,-5.4679,0.0,0.0815,122.7849,4.0,0.6292,59026594,1551500,0
7,Bastille,7EQ0qTo7fWT7DPxmxtSYEc,b53cab0a-f355-41eb-9bce-bf619b6d760e,2010,1,80,folk-pop,58.0,0.20601,0.6456,223171.0,0.7307,2.6588e-05,5.0,0.20157,-5.3556,0.0,0.05165,119.9997,4.0,0.4763,32892870,897472,0
8,Disclosure,6nS5roXSAGhTGr34W6n7Et,ae65c507-d9a0-4d42-9a6c-2b1f82158b9f,2010,2,77,edm,60.0,0.099156,0.6715,253161.0,0.6767,0.036519693,7.0,0.17189,-6.4159,0.0,0.18823,118.4783,4.0,0.5868,27336122,834832,0
9,Major Lazer,738wLrAtLtCtFOLvQBXOXp,75be165a-ad83-4d12-bd28-f589a15c479f,2010,4,89,edm,69.0,0.053996,0.6537,203981.0,0.813,0.000763553,7.0,0.21559,-4.3031,0.0,0.09452,126.7069,3.0,0.6003,23683267,997846,0
10,Mac Miller,4LLpKhyESsyAXpc4laK94U,a0e8a1b1-5f8f-475a-a253-17415c17d0ff,2010,1,80,hip hop,68.0,0.404546,0.6743,298003.0,0.5659,0.005358473,4.0,0.25037,-8.0356,0.0,0.1239,116.0621,4.0,0.4535,23861576,852747,0
11,Bloc Party,3MM8mtgFzaEJsqbjZBSsHJ,8c538f11-c141-4588-8ecb-931083524186,2000,6,64,alternative dance,44.0,0.01664608,0.5518,214588.0,0.8549,0.0925943,5.0,0.2138,-5.7677,0.0,0.10642,138.7449,4.0,0.5737,103306553,2430339,0
12,Future,1RyvyyTE3xzB2ZywiAwp0i,768b4363-8448-4a5b-a5ef-b1f727300a6c,2010,1,91,dwn trap,76.0,0.102978,0.7232,225139.0,0.5581,0.02934492,5.0,0.2062,-7.2514,0.0,0.2055,151.94,3.0,0.3476,9576689,425648,0
13,Foals,6FQqZYVfTNQ1pCqfkwVFEa,6a65d878-fcd0-42cf-aff9-ca1d636a8bcc,2000,6,70,alternative dance,59.0,0.131274,0.5053,294167.0,0.6833,0.2593768,4.0,0.16251,-8.0369,0.0,0.04281,115.9117,4.0,0.34232,60101492,1310870,0
14,Miike Snow,4l1cKWYW591xnwEGxpUg3J,753a1564-aaef-4d39-bc68-4a8d5e328cf7,2000,3,67,alternative dance,55.0,0.105135,0.5983,234120.0,0.7656,0.00861756,4.0,0.20869,-4.7638,0.0,0.06405,108.7768,4.0,0.6112,24924258,1071649,0
15,The 1975,3mIj9lX2MWuHmhNCA7LSCW,5b6ebfe0-f72b-4902-bba9-74c8af0f1af0,2010,4,80,nu gaze,65.0,0.172721,0.6553,267242.0,0.7459,0.005111121,6.0,0.25779,-5.3309,0.0,0.06508,106.789,3.0,0.6033,19623679,556664,0
16,Haim,4Ui2kfOqGujY81UcPrb5KE,50601ad0-50e5-40ae-b446-d6ada5986d19,2010,1,65,folk-pop,50.0,0.078235,0.6477,241730.0,0.7875,0.008977809,3.0,0.10353,-5.9464,0.0,0.07042,129.8662,4.0,0.5759,213647,18720,0
17,Flume,6nxWCVXbOlEVRexSbLsTer,35fd8d42-b4a6-4414-9827-8766bd0daa3c,2010,2,82,aussietronica,63.0,0.1753,0.5526,230968.0,0.615,0.000608672,5.0,0.16111,-6.4173,0.0,0.12857,118.1037,4.0,0.30636,15231834,541942,0
18,Third Eye Blind,6TcnmlCSxihzWOQJ8k0rNS,92a42e82-b36f-4308-82c1-68bad2e03c89,1990,9,67,alternative rock,55.0,0.06682279,0.5625,229886.0,0.7636,0.000479464,3.0,0.12712,-6.4294,0.0,0.04946,120.086,4.0,0.6357,23469080,1082777,0
19,Local Natives,75dQReiBOHN37fQgWQrIAJ,1bbf31dc-dbc0-4a7a-bf3f-48bc665878e1,2010,5,66,chamber pop,54.0,0.2105044,0.512,220794.0,0.57575,0.033761181,4.0,0.13916,-7.3755,0.0,0.03726,107.526,4.0,0.394,21127275,778033,0
20,Martin Garrix,60d24wfXkVzDSfLS6hyCjZ,3e1f2ee4-16be-4406-bf18-6173840cf2b1,2010,1,86,big room,69.0,0.055957,0.5168,213219.0,0.7601,0.163570889,4.0,0.33061,-5.8187,0.0,0.04153,129.2099,4.0,0.25204,5126646,468796,0
21,City and Colour,74gcBzlQza1bSfob90yRhR,b1003bf1-25b8-41f4-a783-36060f987913,2000,2,67,folk-pop,52.0,0.4994,0.4978,252553.0,0.4774,0.000455591,6.0,0.15787,-8.0458,0.0,0.03106,129.3009,3.0,0.3288,48203654,926610,0
22,Silversun Pickups,6qyi8X6MdP1lu6B1K6yh3h,b5bd9f88-962e-4730-84a7-795592ba42e8,2000,4,60,alternative metal,47.0,0.05268412,0.5447,295863.0,0.7824,0.236309,4.0,0.20086,-6.4061,0.0,0.05224,139.3473,3.0,0.4123,24687301,797305,0
23,G-Eazy,02kJSzxNuaWGqwubyUba0Z,db48610c-6d8f-4d10-90ca-c4d14bb1a8b1,2010,1,88,dwn trap,74.0,0.0727165,0.6463,223761.0,0.6185,1.47e-05,6.0,0.14588,-7.6531,0.0,0.25235,127.8244,4.0,0.4275,5342911,306456,0
24,Grimes,053q0ukIDRgzwTr4vNSwab,43f86a5e-7f65-4370-a81a-fe09a7ec84cd,2010,1,68,alternative dance,58.0,0.0533603,0.6076,235224.0,0.7446,0.3302993,6.0,0.19767,-6.2776,0.0,0.04641,146.4784,4.0,0.4524,0,0,0
25,Daughter,46CitWgnWrvF9t70C2p1Me,373241ba-2101-429c-a8fc-c3ac4a4245fe,2010,2,69,chamber pop,53.0,0.6905,0.4184,266782.0,0.4848,0.104267359,4.0,0.15646,-11.1588,0.0,0.04732,124.1538,3.0,0.2567,20780944,636626,0
26,Yeasayer,04HvbIwBccFmRie5ATX4ft,3feba7fa-3837-424a-b4f1-0077d217f569,2000,3,53,alternative dance,42.0,0.154128,0.5615,255347.0,0.7664,0.111342708,5.0,0.17347,-6.9291,0.0,0.06551,123.3146,3.0,0.4222,23819699,802831,0
27,Hardwell,6BrvowZBreEkXzJQMpL174,170d6637-36e0-49dd-a225-c4fd5b77a285,2010,1,75,big room,63.0,0.0163907,0.6163,197723.0,0.872,0.17280537,5.0,0.3201,-3.8145,0.0,0.11333,129.3941,4.0,0.2505,4263809,353298,0
28,Jane's Addiction,02NfyD6AlLA12crYzw5YcR,e3434cc7-d348-491a-9dc8-325af3d9086d,1990,5,57,album rock,45.0,0.07189383,0.4062,267601.0,0.7874,0.138381076,8.0,0.3526,-7.1538,0.0,0.07203,99.4919,4.0,0.34492,11624107,932283,0
29,A$AP Ferg,5dHt1vcEm9qb8fCyLcB3HL,8ab5d936-49d1-415e-92c8-151e0e7dd912,2010,1,75,dwn trap,60.0,0.0840483,0.7735,216078.0,0.6639,5.83e-05,4.0,0.19577,-5.8378,0.0,0.17012,119.1828,3.0,0.3778,4146423,180327,0
30,Halsey,26VFTg2z8YR0cCuwLzESi2,3377f3bb-60fc-4403-aea9-7e800612e060,2010,1,89,dance pop,66.0,0.1285,0.5755,220155.0,0.7256,0.000212334,2.0,0.20208,-5.4267,0.0,0.06225,118.0872,4.0,0.3956,0,0,0
31,Years & Years,5vBSrE1xujD2FXYRarbAXc,9f23b7c3-baa6-4e38-b1a9-5c38359ad982,2010,3,75,dance pop,54.0,0.31204,0.5877,230679.0,0.668,2.03e-07,5.0,0.17193,-5.6754,0.0,0.04721,106.928,4.0,0.4824,10675271,392943,0
32,Danny Brown,7aA592KWirLsnfb5ulGWvU,960afc67-9c21-46dd-9c7f-ff2b509e3150,2010,1,66,alternative hip hop,55.0,0.22605236,0.6279,191644.0,0.7854,0.073403521,5.0,0.23632,-5.7912,0.0,0.18245,108.4965,3.0,0.4662,13552255,319436,0
33,Duke Dumont,61lyPtntblHJvA7FMMhi7E,6060d1bb-94f8-4863-89b9-425487f2f6b2,2000,1,69,deep groove house,50.0,0.0244337,0.6572,266758.0,0.772,0.12669545,6.0,0.19626,-5.8196,0.0,0.06466,121.8622,3.0,0.5413,3594617,375997,0
34,Kurt Vile,5gspAQIAH8nJUrMYgXjCJ2,e07a111e-4e8a-4651-a849-01ac60551ab2,2010,1,61,alternative rock,50.0,0.3687,0.5054,330485.0,0.5741,0.5132381,6.0,0.13964,-10.5428,0.0,0.03076,100.4045,4.0,0.53512,13575534,412226,0
35,Die Antwoord,6urkHDoIVO1WO8vNIwcJmM,7e07ffb5-c0f6-4891-a74d-a5e12a247785,2010,3,69,african rock,55.0,0.084919,0.7996,238600.0,0.7278,0.00178772,6.0,0.28005,-6.7102,0.0,0.2507,134.8081,4.0,0.4401,20964470,467284,0
36,The Joy Formidable,4LdZNE5MHGqvc0N9ivXNF3,072d4c31-8fd7-4073-9efc-7e192b517906,2010,4,46,garage rock,34.0,0.00510254,0.4306,265228.0,0.886,0.1595972,6.0,0.2583,-5.0305,0.0,0.06493,145.0148,3.0,0.3113,6396878,372080,0
37,Chairlift,7hAolICGSgXJuM6DUpK5rp,a3cd61ef-7fd4-44af-a27f-99641a82b22b,2000,2,56,alternative dance,46.0,0.098193,0.6258,231505.0,0.6616,0.00661759,5.0,0.12724,-6.8862,0.0,0.09242,143.0422,3.0,0.6258,8862187,550642,0
38,Frightened Rabbit,6fVcDUckTwxqg56qNsEvUr,dc21d171-7204-4759-9fd0-77d031aeb40c,2000,3,57,chamber pop,43.0,0.246993,0.3819,234909.0,0.7459,0.1191776,4.0,0.14198,-6.2748,1.0,0.04492,127.6561,4.0,0.33398,18406824,563240,0
39,MuteMath,1J9Z9bhqkgyqseEi85cbyx,6e855495-c063-4052-a26d-959c3f226c87,2000,4,59,dreamo,44.0,0.0444895,0.5484,236064.0,0.8172,0.020209184,4.0,0.25532,-4.9511,0.0,0.06829,127.6735,3.0,0.4807,12023957,472640,0
40,St. Lucia,5WId4o5jdGVhptNU0uqKxu,d996eadd-029d-4478-aa4b-fc9446653548,2010,1,61,alternative dance,47.0,0.0782711,0.564,271617.0,0.8464,0.000205278,3.0,0.2883,-5.7388,0.0,0.058,121.8977,4.0,0.4677,3797407,311204,0
41,Bryson Tiller,2EMAnMvWE2eb56ToJVfCWs,d8fd8d9b-473b-4f06-83c8-869b1bb9de89,2010,1,81,deep pop r&b,73.0,0.154246,0.6226,216599.0,0.5233,2.01e-07,5.0,0.17299,-7.3609,0.0,0.16803,130.7526,4.0,0.3777,0,0,0
42,X Ambassadors,3NPpFNZtSTHheNBaWC82rB,298f4089-1948-44b5-b5e8-d5381f42362f,2010,4,82,folk-pop,61.0,0.0406598,0.4717,212507.0,0.7169,0.00801005,5.0,0.28919,-5.6528,0.0,0.11046,126.1946,3.0,0.36885,2806295,273203,0
43,Frank Turner,27M9shmwhIjRo7WntpT9Rp,aca5718f-4f49-4439-b8f6-209db3f11757,2010,4,0,0,41.0,0.096851,0.5467,221097.0,0.8242,0.0,4.0,0.21343,-5.0548,1.0,0.05166,123.2693,4.0,0.581,20087625,392516,0
44,Wavves,6bUJpbekaIlq2fT5FMV2mQ,763cf642-45ad-42ed-a1c3-e977eaa3b260,2000,1,55,alt-indie rock,43.0,0.0026017,0.415,195711.0,0.9172,0.127621681,6.0,0.2178,-4.3594,0.0,0.07383,134.785,4.0,0.4339,15727373,441325,0
45,Alessia Cara,2wUjUUtkb5lvLKcGKsKqsR,97e69730-3791-423b-9770-287261588854,2010,1,84,dance pop,66.0,0.184993,0.5461,214543.0,0.6658,2.69e-05,4.0,0.13191,-5.4899,0.0,0.17753,118.7059,4.0,0.419,0,0,0
46,LCD Soundsystem,066X20Nz7iquqkkCW6Jxy6,2aaf7396-6ab8-40f3-9776-a41c42c8e26b,2000,7,63,alternative dance,54.0,0.09449527,0.6919,364586.0,0.6957,0.2419175,6.0,0.11247,-7.3052,0.0,0.04629,132.207,3.0,0.63448,41530308,1491250,0
47,Adventure Club,5CdJjUi9f0cVgo9nFuJrFa,b9696d80-70c9-4c3d-be9d-8a525b125d23,2010,1,62,bass trap,49.0,0.061095,0.5606,250621.0,0.7491,0.025763798,6.0,0.14086,-4.6221,0.0,0.0569,121.978,3.0,0.21643,1946460,174738,0
48,The Last Shadow Puppets,2Z7UcsdweVlRbAk5wH5fsf,8a3e1c4f-59a8-457a-826c-fe961419a8ae,2000,2,65,alt-indie rock,45.0,0.04820539,0.3832,220441.0,0.7508,0.000762089,6.0,0.34332,-6.9339,0.0,0.06149,123.9373,3.0,0.5338,24739710,828728,0
49,Flosstradamus,2FmzVitXZjIkFolH8HXd4j,8ca3f991-47c7-4506-8fa2-327e376c71b4,2010,2,60,bass trap,50.0,0.102536,0.6248,208728.0,0.8849,0.075749972,4.0,0.30574,-4.3987,0.0,0.15843,144.8287,4.0,0.5021,1258556,142492,0
0,Lindsey Stirling,378dH6EszOLFShpRzAQkVM,53e40f93-f4af-4f8c-819c-7bbe4b6f0a1c,2010,2,73,bow pop,57.0,0.1915328,0.4975,236054.0,0.6961,0.042205039,6.0,0.19611,-6.3788,0.0,0.04711,130.1275,3.0,0.34591,10961765,251086,0
1,Excision,5FKchcZpQOkqFvXBj1aCvb,733c6e6f-0306-403e-9243-82b16a4f82d8,2000,1,65,bass trap,55.0,0.01151759,0.4189,258219.0,0.9115,0.31326365,3.0,0.256,-2.5958,0.0,0.2061,145.5501,4.0,0.18688,2503311,316693,0
2,ZHU,28j8lBWDdDSHSSt5oPlsX2,eca0569c-877e-4d72-a280-90581c2adfd5,2010,1,72,deep tropical house,59.0,0.052143,0.7362,243213.0,0.6783,0.13132,5.0,0.17081,-6.4974,0.0,0.05245,116.0911,4.0,0.48,3618800,329597,0
3,Tory Lanez,2jku7tDXc6XoB6MO2hFuqg,5b8ec72b-9e39-4a06-a2bf-964166b92a71,2010,1,84,dwn trap,67.0,0.109117,0.575,244907.0,0.5033,4.065e-05,6.0,0.2343,-9.719,0.0,0.12719,121.2021,3.0,0.2844,1072272,95705,0
4,Vince Staples,68kEuyFKyqrdQQLLsmiatm,78e854b8-9713-4ff2-9218-6b3784893bff,2010,1,70,dirty south rap,55.0,0.26539,0.706,219883.0,0.6326,0.00142849,7.0,0.23697,-7.4871,0.0,0.26965,119.4127,4.0,0.3904,4587657,130074,0
5,Cashmere Cat,2LZDXcxJWgsJfKXZv9a5eG,8fbcd70f-bf1e-4624-b94a-fcff6b0c637e,0,1,76,downtempo,51.0,0.26411,0.6127,244640.0,0.6438,0.19563767,3.0,0.12378,-6.1013,0.0,0.06205,130.3394,4.0,0.3554,1929030,218395,0
6,Cherub,00dwwnz3V4kRfu3UFYpJLz,abf42fca-8c2e-4d55-9fc8-6b1fc65a80f1,2010,1,60,alternative dance,47.0,0.24656,0.759,278119.0,0.6626,0.008548682,5.0,0.19694,-6.7602,0.0,0.09621,116.2421,4.0,0.3922,1174771,132918,0
7,Vic Mensa,27w1NoOLMX7tJMYqcetPyG,e031ec18-f8eb-46c1-b03c-e5c71399cb16,2010,1,66,deep underground hip hop,55.0,0.135046,0.6105,263477.0,0.6794,0.0002208,4.0,0.15357,-5.9098,0.0,0.279,117.0004,4.0,0.4073,1247750,107180,0
8,Oliver Heldens,5nki7yRhxgM509M5ADlN1p,df679f1d-2bab-442b-bc67-02a44f9b2adf,2010,1,70,big room,58.0,0.099816,0.6396,198046.0,0.8742,0.24737785,6.0,0.30281,-4.9378,0.0,0.07154,125.1976,4.0,0.5053,1288121,167013,0
9,Kehlani,0cGUm45nv7Z6M6qdXYQGTX,3260ce89-5eb0-4c6a-89c7-379c0dfc2ab9,2010,1,76,dance pop,66.0,0.235147,0.5622,202729.0,0.6023,0.00011414,6.0,0.17493,-6.403,0.0,0.1803,124.2834,4.0,0.4098,0,0,0
10,Yellow Claw,47z7ZrgFoBvVpCnElCE3Zh,759abafc-c4eb-4018-8554-f29a9d842779,2010,1,73,bass trap,57.0,0.093293,0.6765,188546.0,0.8208,0.11614127,4.0,0.20459,-4.1998,0.0,0.05599,125.87,4.0,0.5019,1801778,181888,0
11,Big Gigantic,7o7mC95EDbJKTcPAAs8C3r,f6c003f9-4aae-40ce-8e4c-112d9a1b140c,2000,2,66,brostep,55.0,0.07093,0.5768,229102.0,0.8709,0.140862514,4.0,0.30991,-3.156,0.0,0.11452,112.3117,4.0,0.4597,1431688,145311,0
12,Leon Bridges,3qnGvpP8Yth1AqSBMqON5x,69d9dfd7-19b7-4a75-8a53-9f733fb5d774,2010,1,65,folk-pop,54.0,0.5339,0.536,197451.0,0.4609,0.002827385,6.0,0.13264,-8.3231,0.0,0.03631,121.1147,3.0,0.4594,0,0,0
13,Jack Garratt,1Zp054Jc86WVKCxKEqZGOA,fcba6ab6-4a51-4688-b90b-57d6eab55b46,2010,1,67,indie anthem-folk,50.0,0.139665,0.5132,249742.0,0.5592,0.030565654,5.0,0.21774,-8.6183,0.0,0.13881,104.6196,3.0,0.30527,1843959,185225,0
14,Seven Lions,6fcTRFpz0yH79qSKfof7lp,75c016da-48e4-4992-8a10-b7128189b272,0,1,63,big room,53.0,0.034704,0.4639,289497.0,0.7315,0.088966997,4.0,0.28436,-6.3619,0.0,0.07967,129.9855,3.0,0.22285,2093223,184309,0
15,FIDLAR,3P6duIn7oHeiBACZfYeNud,6910222b-74c2-48fc-8c13-a6b88cc28fc0,2010,1,58,alt-indie rock,46.0,0.0420414,0.3856,198546.0,0.8885,0.12058407,6.0,0.29193,-3.4005,0.0,0.09478,144.4157,4.0,0.3292,4891215,184661,0
16,Wolf Alice,3btzEQD6sugImIHPMRgkwV,3547f34a-db02-4ab7-b4a0-380e1ef951a9,2010,4,58,alt-indie rock,40.0,0.0683239,0.5378,218488.0,0.6816,0.2125519,4.0,0.25006,-7.5665,0.0,0.04691,124.1389,4.0,0.3304,3175561,189558,0
17,GRiZ,25oLRSUjJk4YHNUsQXk7Ut,245256dc-298f-46f5-8b66-fae1145c5ecc,2010,1,63,brostep,51.0,0.0359024,0.6514,292901.0,0.789,0.10215415,6.0,0.24363,-5.5257,0.0,0.05921,116.3921,4.0,0.51975,1181405,90436,0
18,Alina Baraz,6hfwwpXqZPRC9CsKI7qtv1,7fedfdaf-4146-4996-9e2a-a7e39080c329,2010,1,67,deep indie r&b,59.0,0.36698,0.5517,225767.0,0.5458,0.001410922,4.0,0.1907,-8.5389,0.0,0.0774,112.8535,4.0,0.19275,568248,44256,0
19,Ghost,1Qp56T7n950O3EGMsSl81D,57647f66-2f0c-4a29-ae4e-af928c35b694,2010,2,67,alternative metal,49.0,0.02921053,0.4977,299314.0,0.8041,0.12262197,3.0,0.22166,-5.3434,0.0,0.04756,122.6357,3.0,0.34903,13911826,249089,0
20,The Front Bottoms,5ictveRyhWRs8Gt8Dvt1hS,622b6000-ff0d-4ab3-9e98-c4916f3692c3,2010,1,65,alternative emo,53.0,0.02589447,0.4197,222880.0,0.847,1.4855e-05,6.0,0.16158,-4.9771,1.0,0.05173,139.7081,4.0,0.5771,6623141,98542,0
21,Houndmouth,7EGwUS3c5dXduO4sMyLWC5,4a18f60f-7aa9-4476-8d0f-84981d8ccb60,2010,4,59,chamber pop,47.0,0.15356042,0.3651,221119.0,0.6134,0.004000382,3.0,0.38326,-7.1892,1.0,0.04789,146.2526,3.0,0.4166,985340,123237,0
22,Chris Stapleton,4YLtscXsxbVgi031ovDDdh,71d58182-aa37-4c04-b21a-efe46ea0f221,2010,1,72,contemporary country,64.0,0.23879,0.5242,264031.0,0.49927,0.073826439,4.0,0.11702,-9.7296,1.0,0.03378,124.2388,3.0,0.4759,616871,48247,0
23,Tchami,1KpCi9BOfviCVhmpI4G2sY,374a63ed-2502-495a-8e31-139e3ed7507e,2010,1,59,big room,49.0,0.0384876,0.6885,249642.0,0.8702,0.394362,4.0,0.10227,-4.2044,0.0,0.0949,133.0911,3.0,0.46787,442286,73783,0
24,Wild Child,1xLMexpeeTKQ20SwGMaGSK,65fad55d-b0a7-4364-b947-77d9148cfe64,2010,7,55,austindie,45.0,0.58189,0.5966,227221.0,0.4616,0.061664532,6.0,0.14511,-8.7692,1.0,0.04762,118.6085,4.0,0.4827,479337,92017,0
25,BURNS,5p9CTsn5ueGU4oScNX1axu,df9c5e32-c086-4a91-9830-46bbe972908e,2000,1,62,christian christmas,46.0,7.9194e-05,0.3293,215269.0,0.9855,0.5728701,3.0,0.22849,-3.9172,0.0,0.14348,139.064,3.0,0.16737,541861,101560,0
26,Nathaniel Rateliff & The Night Sweats,02seUFsFQP7TH4hLrTj77o,2d97d9a8-e7dd-443f-b7cb-e35700dacd0a,2010,1,64,folk-pop,51.0,0.177354,0.5999,197155.0,0.7982,0.02434208,4.0,0.18203,-5.07,0.0,0.06908,118.438,4.0,0.5964,0,0,0
27,Lettuce,1fZXjUQEkVbB0TvZX4qFR8,e88313e2-22f6-4f6d-9656-6d2ad20ea415,2000,11,53,deep funk,43.0,0.0559491,0.6405,251037.0,0.7895,0.612148,4.0,0.15137,-7.0682,0.0,0.07115,112.9145,4.0,0.7232,875797,70688,0
28,Panama Wedding,4Cjsh7anKDaMnQ3YHB1Xwq,98c3b2ad-dddd-43bd-8058-9d9c4e07b7e9,2010,1,48,indie pop,39.0,0.10886,0.6855,226927.0,0.7234,0.003701587,6.0,0.1471,-6.5521,0.0,0.05133,124.4179,4.0,0.7523,513052,98254,0
29,JAUZ,5ttgIeUVka6FLyi00Uu5h8,2b996e5c-7941-4619-9840-9021c6756954,0,1,62,bass trap,54.0,0.051967,0.6699,233040.0,0.9153,0.057372023,6.0,0.14983,-3.5966,0.0,0.0943,130.836,4.0,0.30256,0,0,0
30,The Arcs,3mVWMgLc7bcyCBtL2ymZwK,a24d745c-6002-445c-bb4c-db1c9b3fdce6,2010,1,53,funk,45.0,0.138878,0.5155,218004.0,0.6263,0.08420433,7.0,0.20921,-8.8207,0.0,0.06633,128.7362,3.0,0.5764,847263,78708,0
31,Grandtheft,4R0EwsTKt1LIFcdezmuezM,0a6613de-eee4-4a66-bd41-3253c4e2fbea,2010,1,56,bass trap,41.0,0.061289,0.6558,202540.0,0.7819,0.52295113,4.0,0.12836,-4.8473,0.0,0.13087,137.8714,4.0,0.35451,88833,22143,0
32,BANNERS,4qWnlmXWuGv2TtuxtIWlJX,e9cda0a2-285c-4a15-9697-c295c216a94f,2000,1,61,indie anthem-folk,47.0,0.1327869,0.5317,226197.0,0.6535,1.5478e-05,6.0,0.13296,-5.5449,0.0,0.03412,113.6797,3.0,0.30797,0,0,0
33,Nothing,39VNwvlQTqE9SvgPjjnMpc,f4cd6526-6c4b-495e-92e2-747200eae056,2010,1,56,alternative metal,47.0,0.021658596,0.4227,210852.0,0.8752,0.002714394,5.0,0.28668,-7.1156,0.0,0.11991,118.3998,3.0,0.3912,1803977,64217,0
34,Kurt Vile & The Violators,72SKeYrfxSaIpqrAGLyNcn,54301ac1-fefe-4928-917b-0325d2e1902b,2000,1,0,0,35.0,0.00964,0.471,330782.0,0.765,0.0313,2.0,0.0936,-6.044,1.0,0.0298,112.657,4.0,0.556,873,234,0
35,Lewis Del Mar,2oqwwcM17wrP9hBD25zKSR,5f2e8889-a3e1-43d9-89e5-20b470ee74eb,2010,2,60,indie pop,50.0,0.26134,0.6332,249314.0,0.674,0.004708273,5.0,0.18576,-7.0427,0.0,0.08041,109.3361,4.0,0.4415,0,0,0
36,HÃ¦los,132sZpCaM8ie6byAEcOcRs,4a26862a-b117-4d67-8386-7f69504659bc,0,1,45,chamber psych,39.0,0.161288,0.5087,269629.0,0.63318,0.247936562,5.0,0.20149,-9.217,0.0,0.04153,107.4627,3.0,0.22647,0,0,0
37,Frankie,0dvKgSdNB2U1gfp6ZcekYi,cb857fc2-3a70-42c8-ac45-9da34b96aef2,0,1,63,contemporary country,56.0,0.131713,0.5898,218908.0,0.7573,5.308e-06,4.0,0.2129,-6.0145,1.0,0.0351,115.9742,4.0,0.6265,123063,29910,0
38,JAHKOY,1c5SlzViAqsaB0kXygfSjh,8b694b3a-8ccc-42bf-a468-1f8058ba98f1,2010,1,58,deep indie r&b,46.0,0.13745,0.5875,238790.0,0.6406,0.000604004,4.0,0.15957,-7.1066,0.0,0.13307,102.9363,4.0,0.4292,0,0,0
39,Joey Purp,1ewyVtTZBqFYWIcepopRhp,4fb6cf2d-9524-4580-b351-73d0f1d6c559,2010,1,0,0,52.0,0.273675,0.87,221499.0,0.5085,2.39e-05,7.0,0.1177,-8.168,0.0,0.267,116.0025,4.0,0.3875,0,0,0
40,Lucy Dacus,07D1Bjaof0NFlU32KXiqUP,dbe7fdf7-81b2-418b-b3f6-81ae71532f40,2010,1,47,chamber pop,39.0,0.149686,0.4355,230801.0,0.42245,0.31263,5.0,0.1215,-10.3904,0.0,0.03599,119.8137,4.0,0.20486,0,0,0
41,Potty Mouth,4liUQpCxxhjGMgc33K81Fw,43cb987e-0b92-4f1b-b068-dead06d78522,2010,1,30,indie punk,21.0,0.00603063,0.3828,196967.0,0.8565,0.186078676,5.0,0.24124,-5.4299,0.0,0.04952,115.9,4.0,0.4778,156152,17443,0
2,M0,3pn4IZjJCZyGTkdHAwZQ39,3ab2ee23-1c2f-458c-9c8c-ca4844729120,2000,2,0,0,0.0,0.209063,0.7836,211850.0,0.4389,0.016503505,7.0,0.14661,-8.1331,0.0,0.17152,112.6237,4.0,0.4196,10923024,437008,0
3,Curt Reynolds,51PSlMHvG1HCInKyLVHMu1,587d0713-d985-4caa-8700-7784586f70f6,0,6,0,0,19.0,0.05835,0.7565,253421.0,0.6745,0.46375425,2.0,0.1959,-9.3715,0.0,0.046175,115.98,4.0,0.48625,4647,813,0
0,3OH!3,0FWzNDaEu9jdgcYTbcOa4F,0,2000,0,64,dance pop,50.6,0.0172135,0.6736,200464.0,0.7515,1.1909e-05,5.1,0.24167,-5.2019,0.6,0.10541,119.9838,4.0,0.4632,0,0,1
1,68,51EEn3UICoilrrWVZFz30C,c2a7fb29-eb0d-4ecc-82da-24f94af0c6da,0,0,29,progressive post-hardcore,23.2,0.0923406,0.376,207662.7,0.792,0.014623024,4.5,0.19713,-7.5081,0.6,0.0921,127.2846,3.8,0.30747,101396,4226,1
2,A Day To Remember,4NiJW4q9ichVqL1aUsgGAN,db008806-16f6-48fc-8521-3d953709689d,2000,6,75,metalcore,63.0,0.01133206,0.4472,215981.0,0.9206,5.49e-07,4.7,0.20931,-4.2712,0.8,0.10893,146.5107,4.0,0.39048,81779037,1138832,1
3,A Loss For Words,0vuZyuRUkG13retcEH8lH9,2284b06a-0f1c-4204-95fd-dda07013af03,2000,2,36,alternative emo,26.1,0.08264671,0.4268,199239.4,0.8464,1.1784e-05,6.3,0.19547,-4.1514,0.7,0.07951,136.0763,4.0,0.4449,2103866,75012,1
4,A Lot Like Birds,4tGd3HHlV4RVOdlBc5LAW3,61c01df3-ca06-4a09-8f74-66000831f27d,0,1,38,dreamo,28.8,0.00495063,0.3917,314975.9,0.9287,0.026516303,5.1,0.30134,-3.4681,0.2,0.11663,131.1354,3.6,0.26679,1501256,43447,1
5,A Skylit Drive,2HSp2S2KwxKE7sASl6bMR9,33464f19-aa8b-4bbf-982d-05f5e78643c8,2000,1,53,melodic metalcore,40.3,0.001362039,0.3454,211332.4,0.9331,0.000149738,6.2,0.29979,-3.1642,0.7,0.08434,127.6555,4.0,0.4009,11330334,370192,1
6,Action Item,3JST7Now2kQfkzE14z3tCi,c3ebe23b-a704-4f70-aa5e-ef06e700fb50,2000,0,21,alternative pop rock,12.75,0.2421680375,0.614875,206129.5,0.6295,0.11853462125,4.625,0.1027875,-8.922875,0.875,0.039275,117.113625,4.0,0.480275,152314,8598,1
7,Against Me!,29lz7gs8edwnnfuXW4FhMl,0,2000,0,59,emo,45.3,0.0023086,0.5413,196299.0,0.8897,0.03291718,4.3,0.11963,-3.8137,0.8,0.06201,130.7981,4.0,0.6,0,0,1
8,Aiden,2StetEA6xAwZgC0tGICp33,d4f82967-4008-4481-953d-399d089753dd,2000,0,52,0,11.2,0.2497817,0.4882,248018.5,0.5669,0.047506684,5.6,0.13008,-8.7314,0.8,0.0407,127.8469,3.8,0.34585,7117401,305942,1
9,Air Dubai,6kGtzM5VnE4NaMUq7GUWz5,872795ed-6f97-4b8e-a4c1-e922eed52da1,2010,0,33,0,21.6,0.091213,0.644,227145.3,0.7551,0.075958484,4.1,0.29019,-5.3265,0.6,0.07009,123.1738,4.0,0.5645,106210,13162,1
10,Alesana,1fnDlUNi67FQtHHqBl4Yfg,1079b087-a5b3-4a07-abbc-88043ceda334,2000,1,55,emo,39.1,0.00123465,0.3558,311249.6,0.9661,0.077036098,4.0,0.41341,-4.2464,0.6,0.14792,145.2427,3.8,0.22501,18459841,502056,1
11,Alive Like Me,0a2oPklE7vdEsansuNae18,5aaa3056-9b03-474a-9a99-b1824096aed7,2010,0,36,pixie,27.8,0.00753796,0.3519,209047.0,0.967,9.73e-07,4.3,0.27627,-2.7622,0.5,0.10385,149.8227,4.0,0.2646,116609,6688,1
12,Alkaline Trio,1aEYCT7t18aM3VvM6y8oVR,69421e11-e4c3-4854-951b-ceab4972e38e,2000,5,59,emo,44.0,0.0093727,0.4822,201419.9,0.9005,5.5329e-05,5.5,0.2267,-5.1717,0.8,0.07906,138.7595,4.0,0.5201,43461696,793146,1
13,All Time Low,46gyXjRIvN1NL1eCB8GBxo,62162215-b023-4f0e-84bd-1e9412d5b32c,2000,4,73,pixie,60.5,0.08891687,0.4774,213119.2,0.8109,1.9026e-05,3.9,0.23233,-4.3707,0.7,0.06169,150.4146,3.9,0.4875,54970186,1128658,1
14,Allison,0sN4enVJwylJKEXZlSbgsm,f5b705c9-875a-4faf-ba32-6d56b994c63f,2000,0,45,bebop,27.6,0.9078,0.662,165741.4,0.23902,0.11787342,5.4,0.1588,-15.6764,0.7,0.06552,106.8284,4.0,0.5648,516248,45936,1
15,Allison Weiss,4IGwzLIakiiU6szUIAodkI,773ce5fa-7b67-402d-bfa0-3a822152f123,2000,0,37,0,27.1,0.23913607,0.5201,207542.5,0.6261,0.143901203,7.4,0.14946,-6.3008,0.7,0.04033,123.0808,3.8,0.4792,875727,46084,1
16,Amber Pacific,4GHa4pyuelazwyhdLo5AwL,ab74e46a-714d-4c2c-90e7-b0638c863917,2000,0,43,emo,31.3,0.09493587,0.5362,206261.5,0.8593,0.000380873,4.9,0.14662,-4.5822,0.9,0.06191,142.8759,4.0,0.6449,5325589,323723,1
17,American Pinup,0wGCdZy0CF4Lo8sei5sYA4,5d56dc1f-1852-49b4-8c29-be81978afd65,0,0,10,0,4.2,0.04753249,0.3641,254977.5,0.813,0.000221031,7.8,0.18804,-5.4964,0.6,0.08307,139.0215,4.0,0.4281,10267,750,1
18,Amity Affliction,6kNKUYGn6VNGsRoXmyoDPK,0bfb9d2b-e732-4f28-b2fe-e1d3db9665f1,2000,2,65,metalcore,53.9,0.03839711,0.3711,241535.6,0.9666,0.0,5.3,0.36928,-3.3555,0.5,0.20133,149.6416,4.0,0.27586,8176947,140569,1
19,Anarbor,09J4zbHHwNNlN2tfgJIg21,6e9b8c29-2542-4283-8f04-ba32a6927d86,2000,5,50,alternative pop rock,39.3,0.1107027,0.5979,184546.3,0.8433,9.312e-06,5.4,0.16005,-4.1908,0.7,0.05237,120.3095,4.0,0.6535,2834579,185243,1
20,Anberlin,5v61OSg53KaQxGMpErkBNp,c648509e-9916-4c56-ab63-652a03da16dd,2000,6,58,alternative metal,44.6,0.08404225,0.4676,212738.6,0.7505,0.005101182,4.5,0.15682,-7.7548,0.5,0.05478,147.5745,4.0,0.4861,37901163,828917,1
21,Angels & Airwaves,7xklw3WodFZiNNmQt3DIgp,05071a7e-e71c-4306-a509-591cd3686893,2000,6,60,emo,45.9,0.02400125,0.4924,258850.4,0.8846,0.000518467,5.2,0.1815,-4.7936,1.0,0.06253,153.0105,4.0,0.5254,30723216,845492,1
22,Anti-Flag,30sqtiTKIb1oDve0SdYayT,b88f21a7-a1b9-48fd-bbc4-ae758026f17f,1990,5,56,melodic hardcore,41.8,0.02470669,0.4673,183102.8,0.8526,0.000680429,5.4,0.22296,-4.9433,0.8,0.08905,126.7035,4.0,0.6369,25984943,764546,1
23,Artist Vs. Poet,3kYFawNQVZ00FQbgs4rVBe,ed426a89-d522-4ca5-8c6b-d7910e084446,2010,1,47,alternative pop rock,36.5,0.2995029,0.6297,198278.3,0.5671,1.14e-07,5.6,0.18669,-7.4923,0.9,0.05932,129.066,4.0,0.5622,3032290,244427,1
24,As I Lay Dying,2vd2HnNh4pdYa9gDVHFjEu,6e90c291-8274-41e7-9c50-0b8dd3ca8b9d,2000,0,57,alternative metal,45.6,9.7974e-05,0.37,242378.7,0.9821,0.0435698,4.3,0.3027,-3.9724,0.7,0.12109,151.7439,4.0,0.29538,41524134,829543,1
25,As It Is,3IXtskFMls8KXRipcIJT9y,f3ab417e-07c7-468a-8631-808051d5d843,2010,0,51,anthem emo,35.9,0.07963791,0.4202,196856.1,0.8464,0.002355987,3.9,0.20337,-4.9373,0.7,0.0565,145.6102,4.0,0.4481,393229,19953,1
26,Assuming We Survive,2vfLzfNgADEVYZiFBgopeP,f7f36295-7a65-4a91-9501-cd5eb879a234,2010,0,33,anthem emo,25.0,0.01346782,0.4343,215345.5,0.8705,0.00700299,4.3,0.17848,-6.246,0.8,0.18641,157.3888,4.0,0.5028,0,0,1
27,Atreyu,3LkSiHbjqOHCKCqBfEZOTv,17e137fb-59e5-4fd7-af48-afc34995396c,2000,5,60,alternative metal,48.0,0.00223182,0.3706,228859.9,0.9152,0.019938882,4.2,0.22888,-4.2857,0.5,0.14958,145.927,3.9,0.4349,36225621,991894,1
28,Attack!Attack!,6FXMGgJwohJLUSr5nVlf9X,0,2010,0,67,downtempo,52.5,0.188185,0.6263,344445.2,0.5475,0.50674,6.3,0.16339,-10.1359,0.6,0.04322,123.6838,4.0,0.34444,0,0,1
29,August Burns Red,5p9CTsn5ueGU4oScNX1axu,5bac9b4f-2f1c-4d39-8d11-231d5b6650ce,2000,0,61,christian christmas,45.1,7.4016e-05,0.3055,220210.6,0.9809,0.5029901,3.8,0.25419,-3.8565,0.6,0.14642,139.3382,3.4,0.17087,24846951,546232,1
30,Authority Zero,5CHcX5KtuSz5uo1p5fM3sz,d17dbc4c-7cd4-4a81-83cc-f49f786455f9,2000,6,45,melodic hardcore,34.3,0.048036,0.4325,234829.3,0.9383,4.23e-07,5.4,0.24647,-4.3435,0.6,0.1473,128.6376,3.9,0.43692,2962237,153060,1
31,Baby Baby,5p9TUSD6SyBK533z7sVaGK,b1b1de67-d764-4a03-adc5-070ff89376b8,0,0,71,0,54.3,0.9822,0.4451,108084.2,0.1908,0.9074,2.3,0.13907,-20.5859,0.9,0.0475,83.7849,3.5,0.27829,0,0,1
32,Bad Religion,2yJwXpWAQOOl5XFzbCxLs9,149e6720-4e4a-41a4-afca-6d29083fc091,1980,14,64,alternative rock,48.5,0.0021778,0.4146,159473.3,0.9614,0.002016167,4.0,0.25582,-4.5398,0.7,0.07358,151.8123,4.0,0.6884,62158482,1072683,1
33,Ballyhoo!,6py4uFIC7T6RdrZnH6hFYJ,0,2000,0,51,reggae rock,40.4,0.134232,0.5829,203252.2,0.7677,7.44e-06,6.2,0.21165,-6.2051,0.6,0.05079,120.0586,4.0,0.8354,0,0,1
34,Bayside,51J0q8S7W3kIEYHQi3EPqk,5f821136-9935-403c-abb5-e78ddda35e9f,2000,5,56,alternative emo,41.6,0.0915379,0.4283,214117.5,0.8118,0.0012547,5.9,0.16071,-4.6266,0.5,0.07973,152.508,4.0,0.4516,14110379,345136,1
35,Beartooth,6vwjIs0tbIiseJMR3pqwiL,98a1e0ab-35fa-40dd-b62c-9fda46fdb061,2010,1,66,columbus ohio indie,55.7,0.12593007,0.4692,206671.5,0.9414,0.00091584,5.5,0.35681,-3.7709,0.7,0.11563,129.4713,3.9,0.4827,2056782,62524,1
36,Beat Union,4UaSOQdzN9Pv7ADqd6d7pE,79edf7bc-0b58-4c52-92f0-37a0faa57038,2000,0,7,0,3.5,0.0131903,0.5222,177625.3,0.8933,0.0,6.0,0.16589,-4.5424,0.8,0.08003,148.3972,4.0,0.7185,78022,8360,1
37,Beautiful Bodies,1L5Wcid8qi4K85Ynq7mLaZ,81b9f719-592c-486a-b501-b0003ed06aba,2010,0,30,pixie,22.3,0.0153413,0.5044,190397.0,0.9149,0.028048938,4.9,0.17426,-4.8145,0.2,0.10731,136.9615,4.0,0.4965,41739,2237,1
38,Bedouin Soundclash,2Au2mS47rMRkqbU4XJqKMh,e0036453-ce34-4095-af40-8c70ee07cef1,2000,0,45,reggae rock,26.3,0.19155,0.7452,190775.1,0.699,0.003444015,7.4,0.19192,-6.4794,0.9,0.06452,119.3963,4.0,0.618,5240559,320869,1
39,Beebs and Her Money Makers,3UpLzPqd1FUZCCyz8uA8GP,8d447ee5-b077-4cec-8b08-bcf4c3b23be4,2010,0,16,0,9.2,0.059431,0.6392,218252.5,0.7826,6.041e-05,6.4,0.14991,-5.4163,0.3,0.05416,130.483,3.9,0.7834,14559,1443,1
40,Being As An Ocean,7ML9AQvVVE3c5m0sx1PlmP,956f5b24-6734-4d4d-94f2-411113485736,2010,0,52,alternative emo,42.2,0.0826871,0.4397,250994.3,0.8601,0.005159747,5.9,0.13529,-5.7237,0.4,0.05321,131.113,4.0,0.21719,2822416,41951,1
41,Big Chocolate,4OmzTj77F9m60Bnp3aTgqr,ccebdfd2-92a6-42d9-9337-41bc8dd1f9f3,2010,0,34,brostep,22.7,0.080803,0.7578,226432.6,0.7729,0.383646,5.2,0.12507,-7.1863,0.6,0.23405,131.3774,4.0,0.4585,616239,39452,1
42,Big D and the Kids Table,7rCVe3W6E37VMHBHJXB6xD,acb31795-164b-49b5-b50e-1422bbf13898,2000,12,43,folk punk,32.4,0.0309443,0.5536,205912.1,0.9159,2.9717e-05,4.5,0.2186,-3.3269,1.0,0.09856,134.944,4.0,0.7785,5635265,266333,1
43,Black President,6DOubyf94T5z4HddsfDAA2,ba860f66-b815-41bc-a08c-d6494710524c,2000,9,0,0,0.0,0.00311,0.47,144692.0,0.72,0.0,1.0,0.714,-4.317,1.0,0.198,81.57,4.0,0.124,49858,4512,1
44,Black Veil Brides,6O7MpKrY91vlCd4Osi6XKs,33319aed-9bd7-4cd1-903c-716845c1b7cd,2010,5,65,alternative metal,50.6,0.087624446,0.3919,245412.0,0.8586,0.008838691,6.0,0.15097,-4.7946,0.5,0.08259,158.659,3.9,0.3193,10612421,309987,1
45,Blacklist Royals,5wza25BWYEWHc2JALBjr58,0d4c17fd-a4f5-4c75-9c2c-708d602d37df,2010,0,17,alternative roots rock,9.6,0.2044774,0.4381,203181.2,0.758,0.05980494,7.8,0.22285,-6.3983,0.9,0.05212,128.1361,4.1,0.4972,106734,9820,1
46,blessthefall,7t2C8WwLyKUKRe0LVh8zl9,aafa70a4-2f06-4975-935e-b283fc87de7e,2000,0,56,melodic metalcore,38.9,0.00063988,0.3436,251274.7,0.9301,0.049879862,5.2,0.2846,-4.0666,0.4,0.1026,151.3032,3.9,0.21434,18531921,515998,1
47,Blinded Black,0,99efd2a7-7ebd-48ba-aaa5-dcfe14f1b906,2000,0,0,0,0.0,0.0,0.0,0.0,0.0,0.0,0.0,0.0,0.0,0.0,0.0,0.0,0.0,0.0,145147,12081,1
48,Blink 182,6FBDaR13swtiWwGhX1WQsP,0743b15a-3c32-48c8-ad58-cb325350befa,1990,5,81,heavy christmas,66.7,0.0099242,0.4904,186004.6,0.8759,9.062e-06,3.1,0.23087,-4.8564,1.0,0.06807,136.2899,4.0,0.5502,162957491,2811137,1
49,Born Of Osiris,4HgqjpBaWctBWVHafQIpRt,132ca1ea-0891-420f-b129-50247bb144b5,2000,2,52,death core,41.4,0.00087651,0.3973,241248.5,0.9709,0.001389282,4.7,0.20051,-3.3084,0.9,0.1846,158.6658,3.7,0.199,9339628,177133,1
50,Breathe Carolina,53M4Iv2RkzzxFFvW2B1jhC,0509d076-7e31-4f53-bad3-80ee246e23b7,2000,2,65,big room,53.2,0.0174627,0.5258,215584.3,0.8391,0.00208652,6.1,0.23894,-4.4263,0.6,0.0926,128.3296,4.0,0.34414,13675744,501167,1
51,Brian Marquis,5Kf8hlQFqPpEF6z8HA88s6,51e2901a-24c1-404f-a3f2-2c884d231b97,2010,0,7,0,2.9,0.32946,0.5318,242035.6,0.5722,1.6448e-05,6.2,0.15412,-7.2693,0.7,0.0401,117.8981,3.8,0.4187,9960,1983,1
52,Bring Me The Horizon,1Ffb6ejR6Fe5IamqA5oRUF,074e3847-f67f-49f9-81f1-8c8cea147e8e,2000,4,78,metalcore,68.1,0.00887229,0.4177,245135.9,0.8812,0.00137266,5.0,0.25099,-4.1837,0.3,0.07386,142.0549,4.0,0.31167,70989256,949271,1
53,Broadway Calls,3Wu91JvrEq0es9cgXLQzbS,d7de7007-1dd0-4605-9ab8-8f5dbc478e79,2000,1,28,alternative emo,17.7,0.02960452,0.5292,175359.8,0.8978,1.69e-07,6.2,0.2762,-4.7961,1.0,0.06361,148.4919,4.0,0.7453,1284058,46726,1
54,Buck-O-Nine,1jteNNEz2fLM4pF5ezFr5f,be00eda8-a3ef-45ac-b70a-de21bcd61562,1990,1,34,ska,22.2,0.03246,0.6397,176064.2,0.8592,0.081709931,4.4,0.12232,-4.5959,0.9,0.05201,118.8511,4.1,0.7411,1002593,111960,1
55,Candy Hearts,62ZE05EcDkspUxRw1u2ger,22d33e18-59cf-4ee0-a69e-3b1e00b08a0f,2010,0,26,candy pop,14.9,0.0356489,0.4932,184012.2,0.8341,0.018214792,1.7,0.21473,-4.7316,0.8,0.0559,141.3986,4.0,0.6512,358428,13226,1
56,Cane Hill,0DZKzOGHDqGaf1N2pmsBRZ,89254fcc-91d8-46f9-a861-f0e91333ec70,2010,0,43,post-screamo,35.2,0.00404326,0.495,210530.7,0.9352,0.000343599,4.4,0.4468,-5.3519,0.8,0.12445,138.6334,3.9,0.3282,0,0,1
57,Charlotte Sometimes,4cddmXsTEAguEoWtO5g07c,5c474318-2b92-4520-a656-5a48414acbc8,2000,1,25,acoustic pop,14.4,0.139445,0.5961,189765.9,0.7562,0.0014886,4.1,0.15346,-4.4099,0.8,0.04592,112.5467,4.0,0.6052,1653700,136048,1
58,Chase Long Beach,7cTl5WerKTQedwKV4Gj2Wp,72f8fefe-87e6-4e36-96f4-333bfd394b41,0,0,20,ska,13.8,0.0036998,0.4762,186059.9,0.9492,0.00974404,6.4,0.21942,-3.7693,0.4,0.11972,139.6087,4.0,0.5302,88372,7440,1
59,Chelsea Grin,4UgQ3EFa8fEeaIEg54uV5b,b0acce58-e847-4c9e-bd09-a204b965e74a,2010,3,54,death core,42.3,0.00441405,0.4443,226770.7,0.9637,0.066918569,5.4,0.30492,-4.4233,0.5,0.13354,117.3644,4.0,0.17427,7755288,205000,1
60,Chiodos,4ZIBrskTJWmkJUvM7uAu1o,b755836a-0cb6-4577-a678-55a5a6402d70,2000,5,53,emo,40.3,0.01663356,0.3853,240098.6,0.8669,5.4672e-05,5.1,0.2711,-5.2543,0.6,0.09895,138.0813,4.0,0.24947,17679975,502393,1
61,Chuck Ragan,6iU0naWn1UgiTReoiXqPXI,97417292-3fb0-40ea-8837-5540cfb4de71,2000,3,45,folk punk,33.3,0.32875,0.5289,205461.6,0.6475,1.76e-07,4.7,0.13213,-6.2778,0.7,0.0308,129.2455,3.8,0.5396,3987776,77413,1
62,"Chunk! No, Captain Chunk!",03jrbNTeSKP9m161juhm0h,0,2010,0,54,anthem emo,35.2,0.000153943,0.4791,202988.3,0.9648,0.1321005,6.4,0.2869,-3.7212,0.8,0.11678,128.256,4.0,0.4733,0,0,1
63,Citizen,7enBrBojgBJuPPdqTq4Z5F,9a5b3d06-9d9f-4ec9-bbb9-5b5e47c7cbd8,2010,1,60,neo mellow,50.5,0.23371,0.6925,253142.7,0.7014,0.004704243,6.1,0.10329,-5.2314,0.5,0.0447,101.2661,4.0,0.5748,2778582,73713,1
64,Civet,51hipax1nWj05IaTdBuoYe,c8912da4-5533-4623-b6bb-e6f20cb3406e,2000,6,19,power-pop punk,9.3,0.000442117,0.4301,179713.5,0.9652,0.40977907,8.2,0.19851,-3.1158,0.7,0.08066,139.9494,4.0,0.3999,551426,15759,1
65,Classic Crime,4Y2ImQoh83EyhkbaJXmJr1,821eaa7e-79b9-4aeb-837c-6acc868ce5f1,2000,0,45,christian alternative rock,32.5,0.02436343,0.4229,240732.1,0.8744,0.002408622,5.2,0.24474,-4.7724,0.5,0.05924,144.1357,3.8,0.4485,4332869,154379,1
66,Closure In Moscow,4I1DvdLsieFgvgYbr8NRfh,a45349d3-5e09-4b22-b558-2e823322b35d,2010,1,41,dreamo,32.8,0.0144337,0.4533,256905.6,0.9301,0.000169741,6.2,0.2828,-4.468,0.3,0.15179,124.9343,3.9,0.3787,2909587,103364,1
67,Cobra Skulls,3uXqKijByMgBlaqhMoaZRa,6de1a269-50f2-4027-b6ad-b862955ef2f8,2000,0,29,folk punk,17.5,0.16457061,0.4241,162430.7,0.8143,0.0470439,4.5,0.15587,-6.3296,0.9,0.04253,124.7756,4.0,0.7223,1100137,50179,1
68,Cobra Starship,2aYJ5LAta2ScCdfLhKgZOY,ffb390b8-8df4-4b72-97d1-7b2fc008a452,2000,2,56,dance pop,45.1,0.021375,0.6214,201006.9,0.857,6.71e-07,3.9,0.26167,-4.4657,0.5,0.07084,130.3841,4.0,0.6723,24700453,915064,1
69,Cold Forty Three,385SfF3zvnT8Yoz9nHwUYe,8cb5e68b-0d3e-46e4-b7da-1c312b60d4f6,2010,0,9,0,2.8,0.0559556,0.4239,203135.1,0.8407,0.008509661,4.5,0.21261,-5.9013,0.9,0.06785,142.0952,4.0,0.4842,5046,909,1
70,Coldrain,4pCVGaLWxDe4d8bsjsnmUM,eeee01ef-15b6-4741-9f42-9477c9ee0804,2000,4,46,j-metal,35.2,0.1104035,0.4752,237780.5,0.8713,0.000193405,4.1,0.18606,-4.6259,0.3,0.12088,143.5107,4.0,0.3892,2858179,42778,1
71,Confide,5AaqnHhrLz7lC1QBqG8i8p,01ce947f-e7b1-4702-a25b-1bb9461fe48b,2000,0,36,metalcore,27.5,0.000370051,0.3035,202972.4,0.9567,9.64e-07,4.9,0.3842,-3.7573,0.7,0.10404,151.2153,4.0,0.30724,5102926,228730,1
72,Crown The Empire,2vKiJjsgjgqIECUyYeIVvO,5cf3bae7-166f-44c2-b48f-63ddea9d4fb2,2010,1,63,metalcore,50.0,0.08979138,0.4662,226361.6,0.9056,0.006416656,4.2,0.24876,-4.9044,0.5,0.09058,125.5371,3.9,0.3051,3737708,108597,1
73,Cruel Hand,1SFgBn3VKdBuPao3H2ZlFV,29f50e16-0b84-4d0a-a72f-e4f1bb5ad48f,2010,0,40,alternative emo,29.0,0.000206979,0.3682,130230.5,0.9559,0.05670481,4.3,0.26288,-5.1099,0.7,0.12355,145.6999,4.0,0.4495,2073479,46356,1
74,Cute Is What We Aim For,7AsPubxWM5tfW4hTZEL3aP,40a5a225-3279-4d48-bca2-6059ed11b4fc,2000,0,50,emo,41.0,0.223384,0.5223,215456.2,0.7228,2.491e-06,3.6,0.20278,-5.5895,0.9,0.05736,133.0756,4.0,0.3935,14087139,567147,1
75,Dance Gavin Dance,6guC9FqvlVboSKTI77NG2k,16456fed-c9f2-4adf-b6ea-97b648c474d2,2000,4,67,emo,55.8,0.056732,0.3012,221286.6,0.9458,0.0,5.6,0.23481,-3.2572,0.5,0.10525,140.3165,3.7,0.3969,18165056,245742,1
76,Dangerkids,3N7q5meGCAvpjRAr2U8OX5,d5518610-eedb-4291-bf95-cc125e9ca324,2010,0,45,post-screamo,38.7,0.00082335,0.4707,232651.9,0.9401,0.000562543,3.4,0.3018,-3.9815,0.4,0.08245,145.322,4.0,0.3276,603498,19799,1
77,Daytrader,4fYPY97NNNPKQj9ErcukP4,9db7f67a-e424-40a2-ab55-e5b9e2d6d5e4,2010,0,27,alternative emo,17.8,0.03012504,0.3901,210200.0,0.8125,0.01395523,6.6,0.19696,-4.3838,0.6,0.04488,131.9459,4.0,0.3985,615959,29021,1
78,Deal's Gone Bad,4OnOESZkm6NZkzcsfTq3WZ,91746ec7-9c1f-4a02-9d15-651eed6319db,0,0,21,ska,13.3,0.13371,0.7175,216625.3,0.712,0.001128205,6.2,0.1262,-6.5739,0.7,0.03861,133.4847,4.0,0.9464,259326,23201,1
79,Dear and the Headlights,1aOp1lgpcwRxADf1jHvXhu,ad96653a-3ea3-4a8b-8cff-d7538ad2452b,2000,0,44,dreamo,33.4,0.0349499,0.5096,223121.5,0.6755,9.154e-05,5.9,0.09694,-5.8477,0.9,0.03453,117.9459,4.0,0.4543,3170927,148896,1
80,Defeater,1L3hqVCHSL1Ajy3m0z1bAT,5ad43538-b4d1-426d-8796-091817cda1db,2010,0,46,alternative emo,32.4,0.1504426,0.5449,182690.0,0.7568,0.061700594,5.3,0.2802,-6.6946,0.8,0.07626,118.435,4.0,0.2741,8856492,129312,1
81,Divided By Friday,5yNN92qKENCA4pWmoSZJpG,49ace637-e9eb-4aff-9099-b564995eca50,2010,0,39,alternative pop rock,27.9,0.094017,0.4573,210750.6,0.8334,9.15e-07,3.6,0.20126,-4.3725,0.8,0.0525,135.2054,4.0,0.5872,207073,16502,1
82,Driver Friendly,4UVsgNJN4uOvnnItAllNcQ,6dd41c38-ac95-42f6-b52c-3c0c9df6019a,2010,0,23,0,14.4,0.032153,0.3986,196417.9,0.8688,0.004900899,5.3,0.2532,-4.9869,0.8,0.06351,141.087,3.9,0.4874,145902,7895,1
83,Dropkick Murphy's,0,e8374874-4178-4869-b92e-fef6bf30dc04,2000,11,0,0,0.0,0.0,0.0,0.0,0.0,0.0,0.0,0.0,0.0,0.0,0.0,0.0,0.0,0.0,42987765,970971,1
84,Edler Brother,0,bd857dda-4348-4ef3-9da4-8efa3fdb490f,2010,0,0,0,0.0,0.0,0.0,0.0,0.0,0.0,0.0,0.0,0.0,0.0,0.0,0.0,0.0,0.0,23377,2458,1
85,Emarosa,68tKVjVvcqUfKFFLr2j0Ek,4b4b24bb-a553-4726-8c4d-a571a881fe59,2000,1,57,emo,45.4,0.0474985,0.4378,223796.6,0.8911,5.1523e-05,6.0,0.17813,-3.4401,0.3,0.07849,130.5349,3.9,0.4114,10144341,216121,1
86,Escape The Fate,5ojhEavq6altxW8fWIlLum,b9ca7096-68de-455f-8a36-1f1ebb2abf2a,2000,1,64,alternative metal,52.2,0.00623156,0.3957,231309.0,0.9226,1.4642e-05,3.9,0.20412,-4.5059,0.3,0.11273,117.7614,4.1,0.33445,31375413,816412,1
87,Evergreen Terrace,5YQUrpDa5dkmo9Vk8hHQP9,9f94e88e-cb13-48b2-8c3d-6ff1181aca80,2000,0,41,christian hardcore,29.0,0.000773706,0.4522,207372.9,0.9744,0.070488908,5.0,0.23445,-3.635,0.6,0.12654,141.3619,4.0,0.30988,6966211,210427,1
88,Every Avenue,1IpSmgcN9F3KNa7j9JtAE4,27cb81c2-0a39-444c-bd73-101c14393a4a,2000,0,48,alternative pop rock,32.7,0.0740024,0.5657,210429.2,0.8501,1.73e-07,5.6,0.21066,-4.016,0.9,0.0539,135.0847,3.9,0.6542,6027744,310608,1
89,Every Time I Die,0o7WWONtleH6PWLn5GIoCM,ef90f210-f136-4386-ab37-8c00d04eeace,2000,4,56,alternative emo,45.6,6.0501e-05,0.2558,193232.1,0.9293,0.084884,6.1,0.348,-4.0793,0.5,0.13769,135.3924,3.8,0.3955,16761407,333075,1
90,Fake Problems,3w2meNoSt1JmZaw6QZD35l,bc62fd76-11bd-45ca-bfc4-d8690154a86f,2000,0,33,alternative emo,21.4,0.0075098,0.6296,194872.2,0.8397,8.7779e-05,4.4,0.13498,-6.4346,0.8,0.04224,126.0885,4.0,0.8578,1762427,78198,1
91,Falling In Reverse,2CmaKO2zEGJ1NWpS1yfVGz,e56ab1ae-1cfa-4d0e-b33b-af31bff677c7,2010,1,66,emo,57.0,0.018021,0.5123,218126.6,0.9192,9.05e-07,3.5,0.21718,-2.7543,0.6,0.13206,135.2093,4.0,0.571,6065060,217029,1
92,Farewell,090qZFWPoBBa9MDGAgaq60,dbd72458-d9dc-4f81-b23d-350fc13018dc,2000,0,37,anthem emo,20.4,0.0688737,0.4608,228635.0,0.716,0.00078382,6.1,0.171,-6.1834,1.0,0.06025,147.3515,3.9,0.536,1157260,60658,1
93,Fight Fair,7Kp0hqugVhVXX8WnXnOXXy,963e881a-c5e3-4f6e-862d-a412d2db4ce2,0,0,13,alternative emo,7.3,0.0370829,0.5279,173581.4,0.9198,0.0,4.4,0.22966,-3.2238,0.9,0.06241,153.6764,4.0,0.7295,423089,26941,1
94,Fireworks,2FcxTTXQKgTdJzTeACMlVU,e50ef105-5dce-4d2c-967e-9661b1bc09e2,2000,1,39,alternative emo,24.7,0.0080912,0.447,198442.8,0.9045,0.076358554,6.6,0.27031,-4.9173,0.8,0.09452,147.5456,4.0,0.5898,4311275,111922,1
95,Fit For A King,0OgdRTPItr9dw4XYp4JJUx,6eaab7b4-f2cb-4c80-9b36-7e7d5c2fa8c5,2010,1,54,death core,43.1,0.0068001,0.4517,201249.6,0.9416,0.092875729,6.8,0.3522,-5.2719,0.8,0.17424,139.0115,4.0,0.29267,1038180,29133,1
96,Fit for a King,0OgdRTPItr9dw4XYp4JJUx,6eaab7b4-f2cb-4c80-9b36-7e7d5c2fa8c5,2010,1,54,death core,43.1,0.0068001,0.4517,201249.6,0.9416,0.092875729,6.8,0.3522,-5.2719,0.8,0.17424,139.0115,4.0,0.29267,1038180,29133,1
97,Five Knives,1gVEW5FbtR5sxgmGb8Wgfi,4b64ceab-091c-4eaa-8617-cce50ef54690,2010,0,41,0,32.4,0.02452766,0.6288,212224.1,0.8264,0.063486492,5.6,0.22108,-4.4133,0.5,0.06818,116.793,4.0,0.43989,100783,17215,1
98,Flatfoot 56,7eQrNqwmiIvFKEMvHRvPLB,f6d41c99-7ec5-43e8-bd17-bccaf1312e99,2000,4,38,alternative roots rock,25.2,0.02163933,0.3577,173711.9,0.9416,0.022012558,5.4,0.22971,-4.5007,0.8,0.06839,141.0706,4.0,0.6331,1313793,89471,1
99,Flogging Molly,5kQGFREO5FzMBMsAO3cEtj,c3694ddc-f7e5-40dd-9fad-90d11a2c50fa,2000,9,60,bow pop,49.3,0.0687601,0.376,205070.7,0.8501,0.089768419,5.2,0.22758,-5.17,0.9,0.05875,144.4737,4.0,0.6893,31380664,795115,1
100,For the Foxes,5TAL9h3eaLmeywqYanJesj,89f17a73-bed5-47e5-83a9-cc9a47919ef8,2010,0,40,electropowerpop,30.1,0.32784889,0.5732,229669.4,0.6355,0.001850446,6.6,0.10021,-7.2446,0.6,0.03836,120.1338,4.0,0.5183,177060,28338,1
101,For Today,3xvHWAD1Bz6vvVmVMPpZJs,be33d914-c169-4630-9116-335fac9e6895,2000,2,52,christian hardcore,38.7,0.00414123,0.3704,225965.3,0.92,2.896e-06,6.7,0.33678,-3.6996,0.4,0.13537,120.6515,3.7,0.25492,3901959,120845,1
102,Forever Came Calling,3LqgxOMfONGBf034jekl9H,c114f39a-281e-4e66-82c6-6a0d763c5cb2,2010,0,36,alternative emo,26.3,0.02132019,0.3786,190854.6,0.8613,0.06769,7.3,0.19129,-4.3301,1.0,0.0997,132.0033,4.0,0.4487,465930,18996,1
103,Forever the Sickest Kids,4frytKnOBrer4QVPWynGtX,5c6f8874-cb53-4f4d-9168-cc2af8c7ecf9,2010,0,51,alternative pop rock,35.2,0.0119841,0.5358,219812.1,0.9254,3.3241e-05,5.1,0.25839,-4.3471,0.9,0.09052,134.9117,4.0,0.5828,12121762,550080,1
104,Four Year Strong,0qqxspZOkbN00bu6DaRIrn,c0a138e2-cef7-471b-8fbb-524e1076256a,2000,5,57,alternative emo,43.0,0.06308835,0.4398,203265.6,0.9284,0.00175513,3.7,0.3475,-4.8419,0.9,0.15601,130.034,4.0,0.37607,18021850,452442,1
105,Front Porch Step,4UXiNDHAiv8DOSLkp0GbSm,899d8e40-2aae-464a-8d45-910f1d199db4,2010,0,58,alternative emo,50.0,0.30007,0.5942,237185.4,0.5423,0.0,7.0,0.1346,-5.3518,0.7,0.03027,104.7489,4.0,0.5366,527788,21783,1
106,Gallows,0LpwbxbT8dPiqUnul4ngzu,4cb159df-bd09-4f42-bfec-09b6a248a52f,2000,7,42,chaotic hardcore,27.8,0.00634818,0.3352,229302.2,0.9459,0.11893735,6.3,0.33862,-5.105,0.8,0.14971,141.4576,3.9,0.18585,7378588,209947,1
107,GBH,0yqupKw0GMDWXHpsxCPysY,3e110139-bfd7-4a21-a56e-925474121ec6,1980,0,37,brazilian punk,21.1,0.00062857,0.322,159828.1,0.9177,0.2032204,6.9,0.18014,-7.804,0.5,0.1003,134.9736,4.0,0.405,1943629,108155,1
108,Get Scared,5r9uIJCoquVtEkCkvcn8Ez,24a60384-83b0-4cfb-abba-d97075e83e52,2010,0,58,emo,44.2,0.01721506,0.3926,207253.5,0.9051,8.3473e-05,4.6,0.20269,-4.5832,0.4,0.14373,142.0628,3.8,0.3951,2243922,97478,1
109,Ghost Town,6MM2Na1OX5kh9QjazXBeIN,d5201265-6625-4d7d-9d09-d97f1f14e3a1,2010,0,54,pixie,42.1,0.089408,0.5494,230738.0,0.8273,5.095e-06,4.0,0.22837,-5.7797,0.2,0.06711,128.2939,4.0,0.4368,517803,22640,1
110,Go Radio,0abIHznUj0oKhDB29cpBZ9,6bcdd659-b1f6-4b6e-afc4-20f4473d7306,2000,4,50,alternative pop rock,28.2,0.1707757,0.4211,240264.6,0.7164,0.00073447,2.1,0.23289,-4.7873,1.0,0.06008,130.065,3.9,0.3902,3150225,160099,1
111,Gogol Bordello,2SVw939fwuqSobLjF8u78b,f47fc54d-b334-4321-8218-00c5b11d4dd1,2000,14,51,garage rock,39.8,0.1091964,0.5202,261732.0,0.7713,0.00425408,7.8,0.14629,-5.4673,0.7,0.09393,115.0128,4.0,0.6801,24729532,627105,1
112,GOLDHOUSE,670UISOh9XV1zlq5z5IfoY,cb4e9512-ef57-4cb3-add2-79ecf77f001d,2010,0,50,indie poptimism,38.0,0.02227436,0.6237,224236.4,0.8522,0.102576394,5.3,0.17731,-4.2837,0.7,0.05598,131.1036,4.0,0.6175,218925,26881,1
113,Good Charlotte,5aYyPjAsLj7UzANzdupwnS,b267ca80-034e-4dc1-9ed4-ec45f1fed41d,2000,7,68,alternative metal,57.3,0.0119357,0.5862,194543.9,0.8707,3.398e-06,3.2,0.17302,-3.7463,0.9,0.08922,131.1145,4.0,0.6347,44457408,1710851,1
114,Greeley Estates,2l7ALCv1HxcE32kc3b7vag,0c559a85-776c-4cf4-b18a-f3fe6a105e18,2000,0,33,metalcore,21.0,0.00042182,0.2989,214234.2,0.9354,0.125938,7.1,0.3269,-4.563,0.5,0.1282,130.0548,4.0,0.13028,4921484,222621,1
115,Guff,6xKSvkaadMNeOx7VEDEnFV,fc7df0cf-d195-4ccb-85aa-b696a78f8721,1990,0,6,0,2.3,0.034022,0.3952,188824.1,0.9708,0.000301114,6.3,0.18052,-3.1235,0.5,0.14003,134.8923,4.0,0.4063,39626,6584,1
116,Gym Class Heroes,4IJczjB0fJ04gs4uvP0Fli,f4d4b515-0b74-423f-a161-db184330c37c,2000,4,65,dance pop,49.7,0.10041,0.6535,229989.0,0.7736,0.0,6.9,0.26768,-4.4622,0.9,0.09387,110.5539,4.0,0.6818,21723021,1148547,1
117,H2O,4mQm8gcXNNyzNQRqYKTKqo,b4307812-8143-46e0-9075-ffc06b30f3fe,1990,1,43,brazilian punk,28.8,0.0185106,0.4375,132195.7,0.9252,0.00011303,4.0,0.24544,-5.6182,0.7,0.08933,139.6187,4.1,0.6227,6202774,181398,1
118,Handguns,65bszo3HcI6T49Q6oQSkAl,1d8d3253-bcc2-4ead-93dd-fc64568b8b52,2010,0,38,alternative emo,26.6,0.00461752,0.4934,190877.2,0.9323,0.00140793,4.5,0.28408,-3.7035,0.9,0.10139,123.2879,4.0,0.5225,1111568,43162,1
119,Hands Like Houses,0u3d5PM2FuEuG5QuUdt8mT,5f4ad442-76d1-4cd3-8677-3cff7be4c8d4,2010,1,58,metalcore,47.3,0.0723267,0.4855,236399.8,0.8502,0.0124528,4.4,0.15686,-5.1575,0.5,0.07261,133.7031,3.9,0.3957,3049178,62711,1
120,Haste The Day,7voCqDg5xgF1LZFrmbPS7w,bcbc08d6-4615-4f40-963c-5158ebe2b9e0,2000,0,45,christian christmas,32.3,0.071831111,0.3775,249778.7,0.895,0.003693923,4.9,0.19392,-4.59,0.7,0.14116,126.7202,4.0,0.2987,10030596,300437,1
121,Have Mercy,2UvzehEVGcYTPKNwJSZ2kM,b591c1bb-32a2-4e7f-bb1f-574c18885e92,0,2,49,alternative emo,39.5,0.00526017,0.4746,197416.2,0.8095,0.005783815,3.6,0.17202,-5.849,0.9,0.05494,136.7727,4.0,0.4202,822759,24565,1
122,Hit The Lights,5fyHpJg1xW8OZqPyzmQv2C,b0442f82-6322-4096-8535-b3bb776019d3,2000,0,47,anthem emo,33.2,0.03722724,0.4943,180938.2,0.8776,8.11e-05,4.4,0.26318,-3.9581,1.0,0.10314,126.1747,4.0,0.61,6856712,301721,1
123,Horrorpops,7MvgOAoxA9ZgOxtRBYxLWJ,e000d76b-afff-4286-a5fd-7ea6405cb80f,2000,4,41,horror punk,28.9,0.001828706,0.6,196406.8,0.8917,0.13560917,4.1,0.22823,-4.335,0.7,0.04881,124.846,4.0,0.6506,5180548,141063,1
124,Hostage Calm,5jHxeE2fp5dD33wq8znhTb,16583db9-2e88-4068-a240-873789001a36,2010,0,25,alternative emo,15.5,0.0417988,0.4827,190107.0,0.8687,0.002804655,7.2,0.16949,-4.8125,0.6,0.06882,115.8701,4.0,0.5427,956285,30841,1
125,Hundredth,2rtsR8zno5naTxY0iJr7M0,66b2f925-e924-4cde-b09f-27ec21d29564,2010,0,41,alternative emo,31.2,3.5728e-05,0.3041,190227.2,0.969,0.031091994,6.1,0.2346,-3.9818,0.4,0.1075,143.3103,3.9,0.26249,2295343,55101,1
126,I Am Ghost,79pfxECHSboPWv79E5R2Dt,26d2d1e5-519b-428a-bbd3-bf2d9cda0a25,2000,0,32,metalcore,23.6,0.0043512,0.3237,253277.4,0.9544,7.2029e-05,5.1,0.23235,-3.8133,0.2,0.14662,133.11,4.0,0.27286,2946517,146343,1
127,I Am The Avalanche,60uj1W8gsOriVqdoqLcR2O,8e8e27cb-8553-496e-98bc-67bbd72e98dc,2000,1,34,alternative emo,22.7,0.006477175,0.3693,194742.9,0.9162,0.001106244,4.6,0.29985,-3.6582,0.8,0.07554,152.7845,4.0,0.4365,2261735,109595,1
128,I Call Fives,3vsi8vM5Xs8p1NEQuZWP70,bba31e8f-6a52-4224-83fb-2db5419ce1b2,2010,0,30,alternative emo,21.5,0.20058786,0.5376,188037.7,0.7031,0.001662726,5.7,0.17439,-6.3566,1.0,0.0638,117.4201,4.0,0.5742,776000,41587,1
129,I Fight Dragons,7DBXiFez54rbGjqw1tWi5w,ee8d9ccc-ca65-434f-88a1-ba794c285fcc,2000,1,44,antiviral pop,34.4,0.1118933,0.5398,202940.2,0.7616,0.012219874,5.1,0.29726,-5.6614,0.9,0.04664,131.0094,4.0,0.4704,1547206,55863,1
130,I Killed the Prom Queen,3DY26PgCL4tKVUPQBtBWei,924fe8ad-53d6-469f-98b5-38beb6cd9c4d,2000,0,40,death core,30.2,0.004849388,0.3855,212710.3,0.9192,0.14042893,8.3,0.19932,-4.4635,0.3,0.0986,103.9493,4.0,0.23127,6782238,220074,1
131,I See Stars,3iCJOi5YKh247eutgCyLFe,e571db0f-fcbc-4ede-b5da-57b093b263e6,2010,0,60,emo,49.2,0.0035563,0.4727,260235.2,0.9359,0.006169084,6.4,0.1656,-3.3717,0.1,0.11185,133.9169,3.9,0.20853,8246216,181552,1
132,I Set My Friends On Fire,2QF7jwUc5zgjSbOTYh1xV0,29cb45d6-d339-4ab2-a2e2-40715aa9f3bf,2010,0,40,electropowerpop,32.1,0.0448754,0.4703,193060.7,0.9276,5.7e-07,3.1,0.25358,-4.5258,0.3,0.17727,150.2798,4.0,0.3928,4168714,113646,1
133,I The Mighty,1aK2PiGHyEgc4wAIKQzMj2,7ede4d81-056c-4e08-8e5f-bb7165b9c2f2,2010,0,49,anthem emo,38.3,0.05895524,0.4402,224867.9,0.8408,5.9144e-05,4.6,0.20023,-5.1077,0.5,0.1198,133.2422,3.8,0.3531,1052709,28325,1
134,I Wrestled a Bear Once,2eFVIT8j6TJ7pPMhZYPwti,4814efa3-69eb-4d6f-85bd-5b05d91f7188,0,0,40,death core,28.7,0.01373194,0.3447,190956.4,0.9524,0.096315,6.0,0.3273,-4.2094,0.7,0.18153,136.4413,3.9,0.24251,4790833,123601,1
135,Ice Nine Kills,52qKfVcIV4GS8A8Vay2xtt,d8f0f6ac-a0a7-47bd-9786-f9106d7bdd11,2000,0,55,metalcore,40.0,0.0825998,0.4162,240152.1,0.9065,0.02284886,5.2,0.14744,-3.9006,0.5,0.16507,127.5504,3.7,0.29465,1544546,65488,1
136,In Fear And Faith,19HgKsSbdKYlYmitK3Y8uP,216220dc-0aa2-44e2-af63-ee4df4491cf7,2000,0,43,melodic metalcore,32.4,0.00814639,0.3184,235368.5,0.9141,0.00642195,4.8,0.313,-4.2431,0.4,0.10222,156.2505,4.0,0.20401,5268947,237656,1
137,"Into It, Over It",1ecdmsD235x2zHCKfdL3cF,d308cde9-0e44-4fe0-986d-e4657b6e8b7c,2010,0,45,alternative emo,32.5,0.47771,0.508,185696.0,0.6229,0.162626282,5.2,0.15296,-8.6773,1.0,0.04787,129.3959,3.9,0.3645,3991044,73416,1
138,Issues,3zRstk92RGCVDyslSySNsm,fe8b8d22-a1ea-457e-8727-7e143df084b1,2010,0,61,emo,49.0,0.0815749,0.5438,220174.6,0.9477,0.00118094,4.5,0.14407,-3.8451,0.5,0.1176,127.082,4.0,0.4932,3214387,79407,1
139,Itch,0TAITmVrG10TK5kngOwpPr,da9cab7e-2610-4cd2-959a-75659e5b164f,2010,0,29,0,16.1,0.07451,0.6324,222355.5,0.9191,6.72e-05,5.3,0.2699,-3.2125,0.5,0.15629,128.6539,4.0,0.6396,110622,11620,1
140,Ivoryline,0q9dJ3PCHPPXvweUxr06Id,3252a5c7-5c23-4b2a-8230-d84e3aaf87d4,2000,1,34,christian alternative rock,24.9,0.00124421,0.4098,214781.4,0.8431,1.11e-07,6.3,0.25382,-4.6755,0.5,0.05545,125.1812,4.0,0.5625,1446548,82835,1
141,Jeffree Star,0ZVqyfTk5GaaRiQNQaW9jg,4aa960a9-368e-4288-bc63-ff5053dbdddc,2000,0,41,electropowerpop,31.6,0.0422405,0.6742,230496.2,0.8035,0.020627755,4.1,0.25217,-5.4448,0.3,0.08706,124.9982,4.0,0.606,5049952,217130,1
142,Joe Coffee,7oi5qYZwnWRFaWhyq2NUwt,2416e96b-97fc-4a7f-a84b-c33feed7a08f,2000,0,1,0,2.0,0.0487,0.624333333333,208473.666667,0.742333333333,5.10666666667e-06,8.0,0.115233333333,-5.471,1.0,0.0544,140.665333333,4.0,0.653,36905,4351,1
143,Jukebox Romantics,4UswhxcfY15iWhw8d5LRBV,7e059155-96af-4c5e-88e8-04ee7898f216,2010,0,4,0,0.9,0.029825,0.4093,168721.4,0.9604,0.024239797,6.4,0.16633,-4.8575,0.6,0.11494,143.247,4.0,0.4939,14747,3124,1
144,Killswitch Engage,37394IP6uhnjIpsawpMu4l,8295ee00-0096-461d-95c7-c2263d2a4c6d,2000,7,67,alternative metal,55.3,8.57e-05,0.4148,232204.0,0.9771,0.029635208,3.3,0.28556,-3.0548,0.3,0.09631,138.4977,3.6,0.25391,51135832,1162480,1
145,Knuckle Pluck,0,5629c248-b0ff-497c-a4e1-b5018fdea386,2000,0,0,0,0.0,0.0,0.0,0.0,0.0,0.0,0.0,0.0,0.0,0.0,0.0,0.0,0.0,0.0,0,0,1
146,Knuckle Puck,5ABfpj7Z00wfPiv2uW4MFm,68ff4824-8451-481c-b4cf-57c2c64d8c00,2010,0,55,alternative emo,45.9,0.0075623,0.3191,231492.5,0.9481,0.031477903,5.4,0.21107,-3.4256,1.0,0.1272,152.1178,3.9,0.3901,1139105,30293,1
147,Koji,1CRvJnCbPjgx0xmBdoex0c,6fb33663-9d0b-4271-80f7-563704d5e61c,2010,0,42,0,27.5,0.458962858333,0.387166666667,203496.0,0.4875,0.83,4.0,0.232033333333,-11.6228333333,0.833333333333,0.0358166666667,133.6535,4.0,0.408883333333,558676,33920,1
148,Koo Koo Kanga Roo,7BZ3v2GTT5KHVmc9Gk1sRb,b9f0a52f-7e90-442b-844e-6d8d8ad0a882,0,0,29,0,18.8,0.066505,0.7953,160809.5,0.7404,1.1619e-05,5.6,0.26307,-6.3035,0.5,0.20194,127.6044,4.0,0.7564,35024,2008,1
149,Kosha Dillz,64ea3gojfUUFJSJiyZbVK7,75d12ea1-68e9-4d88-9486-69dd61fb7599,2010,0,17,0,7.0,0.12849,0.6383,240901.8,0.7846,3.2e-06,3.1,0.13933,-5.7981,0.8,0.2675,104.4795,4.3,0.6818,15284,3070,1
150,Lee Corey Oswald,6iQ67X2dD7MMdyyLpYfQ9l,0d46d1c1-ac5a-4df4-b5cc-be760b740275,0,0,12,0,5.2,0.19617564,0.5313,172390.6,0.596,0.0037774,5.9,0.19252,-5.8443,0.9,0.03184,121.5283,4.0,0.5368,29318,1668,1
151,Left Alone,1y8nfcBE7BsDPifEWQfFQJ,d24a2fe9-3d65-49a2-b1b2-20b192785919,2000,1,29,punk,16.9,0.0048657,0.4896,176420.4,0.9625,0.01838965,5.3,0.19451,-2.9276,0.9,0.06515,146.0637,4.0,0.7231,619896,53053,1
152,Less Than Jake,20oQv3LStCKCjI9oQ0JNha,e54e065f-0ce6-4779-9a9a-afd7b997471f,1990,7,56,emo,44.5,0.03083284,0.429,188494.8,0.8992,7.2703e-05,4.8,0.10861,-4.1789,1.0,0.07599,151.5663,4.0,0.7143,22390057,623338,1
153,letlive.,5ACBALsFxT5Ab3gVe8yyPs,358361ef-d38f-42ee-b9b3-b561a4c9db46,2010,0,50,alternative emo,40.3,0.0330848,0.4733,267607.2,0.8537,0.000486549,5.5,0.16284,-5.0098,0.2,0.09098,116.1045,3.8,0.28286,4616144,82632,1
154,Like Pacific,5VKmfBc2pR80IxYoC1gHyH,b697ecde-c617-4e7a-9032-41e2235d6db6,0,0,42,alternative emo,32.9,0.00117095,0.4365,198976.9,0.9661,5.996e-06,7.4,0.23212,-2.9677,0.9,0.09468,149.4515,3.8,0.4457,0,0,1
155,Longway,0xTcxl35DKXUeYRWqY10w6,09567951-197e-4bef-ba0c-4aef3f760e04,0,0,56,crunk,41.6,0.093139,0.7833,211701.2,0.7004,2.73e-06,8.0,0.24143,-6.2106,0.4,0.14798,133.9517,4.0,0.3943,13415,2283,1
156,Lost In Society,0JXhTf06X2O5Bwj9lJKMKd,5e2728f6-bdc6-410b-910c-b2491a55406f,2010,0,7,0,2.7,0.001477003,0.494,177005.4,0.9036,0.08229729,5.4,0.21714,-4.0866,0.9,0.06807,109.9406,4.0,0.4888,8319,1657,1
157,Love Hate Hero,0,7f3f028b-7ced-4a04-a3e2-e9f502a79306,1990,5,0,0,0.0,0.0,0.0,0.0,0.0,0.0,0.0,0.0,0.0,0.0,0.0,0.0,0.0,0.0,230239,23915,1
158,Lovehatehero,7x0UWXyNsNRQJtScbBnrBq,adbb8ad5-f3b6-4dd1-9db8-4b4d7502a796,2000,0,30,metalcore,21.0,0.004001,0.3793,209198.6,0.9478,0.04459841,6.0,0.22688,-4.2582,0.5,0.12932,157.6633,4.0,0.234,3144437,182916,1
159,Mad Caddies,0cmBbO2sr4w0rRGt3rKvs6,cfb1c147-1046-4921-9c53-d3a226ebdb0b,1990,8,47,melodic hardcore,28.9,0.0772183,0.6686,194481.5,0.7481,0.00154313,5.6,0.14662,-5.4314,0.7,0.05917,125.8966,4.0,0.7541,9250620,321638,1
160,Madina Lake,43QrUqvhiL71U9A9gJtAfA,157ea952-039b-4be3-8796-30edd11e8baa,2000,4,40,british alternative rock,30.2,0.00078209,0.4481,191266.6,0.92,2.271e-06,5.3,0.2265,-4.2562,0.7,0.09033,125.2622,4.0,0.3773,5514733,248725,1
161,Major League,2rNmzaf74TK5sxxPxLPZBg,7c638cdd-52b2-456e-a21f-e874d15323ca,0,1,37,alternative emo,27.9,0.1049326,0.4906,175646.5,0.7891,0.000261925,4.8,0.2019,-4.636,1.0,0.05619,150.6735,4.0,0.5873,788377,35664,1
162,Make Do and Mend,1KBB5t7pNUa4HbuUzx2SQ8,0270a7d9-848a-41bc-99c0-cd396c970c55,2010,0,31,alternative emo,20.2,0.09248005,0.3364,223922.7,0.875,0.084989148,6.0,0.21532,-5.4433,0.4,0.07381,137.9586,4.0,0.27952,2572439,56615,1
163,Man Overboard,7oT6vt8H3q7kA24sicjFzO,a79173ba-00f4-4e6e-8af2-ba964f52b6b7,2010,1,50,alternative emo,35.6,0.04862504,0.4793,187046.7,0.8842,0.00013086,7.0,0.18684,-4.7616,0.8,0.05643,138.993,4.0,0.5766,8039261,140837,1
164,Masked Intruder,4qUFkkArfii3qNG8TnbPfc,88943a8f-dfea-4ba3-9adf-4f8e895a417a,2010,0,43,alternative emo,32.4,0.0012932,0.4525,145251.9,0.8912,0.00163833,7.4,0.19359,-4.7104,0.8,0.05758,141.7485,3.9,0.6389,920835,18029,1
165,Mayday Parade,3WfJ1OtrWI7RViX9DMyEGy,39076047-fce8-44cc-a388-4f6baba4acb4,2000,6,68,emo,53.4,0.16994294,0.4298,231672.0,0.7456,0.000392443,4.9,0.19309,-4.9867,0.8,0.05323,139.5484,3.9,0.3935,24643329,679742,1
166,Maylene & The Sons Of Disaster,5qSQDLG1CdotFh8eWhm7yT,2ffdc2cd-d25c-44e3-9b85-65a26c0d9bb0,2000,6,41,christian hardcore,30.3,0.005477298,0.5007,211678.7,0.9711,0.01776641,4.3,0.19949,-2.4086,0.7,0.08106,128.7265,4.0,0.4612,3931729,95595,1
167,MC Lars,05Am7rOfCvNggzIEeAhbiV,fdf0d5e1-e773-4740-a50f-a032c96c63d3,2000,1,41,comic,29.8,0.084913,0.8031,185741.5,0.7594,1.3e-06,4.2,0.12586,-5.641,0.7,0.1812,110.6359,4.0,0.8009,2342510,112989,1
168,Meg & Dia,77YbJ4a9IlKX18ck6qoot1,dac77ea9-7975-497a-ad22-7833bee92eaa,2000,2,52,candy pop,33.6,0.068752,0.4727,207182.9,0.8391,7.12e-06,5.0,0.17827,-4.2155,0.6,0.06203,151.5766,4.0,0.4083,5481761,239897,1
169,Meg and Dia,77YbJ4a9IlKX18ck6qoot1,dac77ea9-7975-497a-ad22-7833bee92eaa,2000,2,52,candy pop,33.6,0.068752,0.4727,207182.9,0.8391,7.12e-06,5.0,0.17827,-4.2155,0.6,0.06203,151.5766,4.0,0.4083,5481761,239897,1
170,Memphis May Fire,7cNNNhdJDrt3vgQjwSavNf,681b5ab2-b7dd-4dff-85e9-1e84503ad36a,2000,0,62,metalcore,49.7,0.06870661,0.3592,237933.2,0.9108,4.45e-07,6.5,0.15694,-2.8786,0.2,0.13708,122.5015,3.9,0.2852,9014398,225205,1
171,Metro Station,7vXwfZyDp3spzIVNXDaTPN,ab7ebf8c-059f-4071-93b1-dd3ae80d60b2,2000,4,55,electropowerpop,42.7,0.0121758,0.6139,192937.3,0.8732,0.000173402,2.4,0.18595,-4.7417,0.7,0.05691,135.9862,4.0,0.6853,12150058,663808,1
172,Middle Finger Salute,1Wqap7lbXdGdYBWkJXUlQY,81fe2c3d-b7e8-49b7-b236-a64e174541d4,2000,0,1,0,0.25,0.00026224375,0.30175,185205.5,0.706625,0.04611920875,6.625,0.2532125,-12.915,0.625,0.052375,110.025875,4.0,0.509125,21686,5286,1
173,Mighty Mongo,6e4ORAW5wLGoJoRO6YWSuT,f86d7141-69af-4eaf-ab6c-ae31175878c1,2010,0,9,0,4.2,0.02781886,0.4514,225055.9,0.8768,0.000822862,3.0,0.13351,-4.1842,0.8,0.09083,132.8515,4.0,0.4473,6903,1057,1
174,Miss May I,2OTuoIi28WybVbVcykc237,ddd38886-728c-4cc7-8593-0c42edbef734,2000,2,52,death core,40.7,0.000207078,0.392,222813.8,0.9601,5.6561e-05,4.2,0.3605,-3.3021,0.6,0.12803,125.1666,4.0,0.15889,8868611,290074,1
175,Mixtapes,4hDDp77r5fiAXhSlWFbAfh,aa681354-f873-4d8b-9553-5793a0ee8ba8,2010,1,32,alternative emo,20.7,0.2390449,0.6118,161106.0,0.7523,0.0,4.2,0.3839,-4.3303,1.0,0.07554,117.0993,3.9,0.577,1616872,27950,1
176,MOD SUN,3u2R8st1bb6zfBqNWceRXG,e1d38c06-8040-4e27-b314-ed0fcf1a0318,2010,0,53,underground pop rap,41.0,0.07744,0.6973,223285.4,0.7783,0.0001881,4.3,0.18255,-5.5777,0.7,0.17737,130.0192,4.0,0.5893,0,0,1
177,Moose Blood,5fEKZRCUa0JApec5Xy095q,c649f061-c881-4cdb-9812-736b4f04b4b8,2010,0,62,alt-indie rock,51.8,0.23954863,0.5068,199893.2,0.6383,0.00021186,4.4,0.13867,-7.2954,0.9,0.04032,127.7077,4.0,0.3519,1482456,46976,1
178,Motion City Soundtrack,19zqV9DV3txjMUjHvltl2D,190e78ac-8f44-4bf1-a4ff-95ed9376ad9e,2000,6,58,dreamo,45.0,0.0604264,0.5507,211948.8,0.8357,0.001149975,4.1,0.19604,-4.765,0.9,0.06886,129.5458,3.9,0.5149,30061604,890339,1
179,Motionless In White,6MwPCCR936cYfM1dLsGVnl,1c5b9bd6-76e8-4fe7-a6df-3bc0b5a452cc,2010,2,60,alternative metal,41.5,0.000388856,0.3855,232756.5,0.939,0.090068208,5.8,0.22707,-3.9658,0.8,0.11113,118.5039,4.0,0.22597,5688186,211605,1
180,Murderland,1IyWFXRtlOjs9ivATh3Dp1,52daf296-fcf5-4b99-b6c9-3d30e0fa39c6,2010,0,14,horror punk,7.3,0.004764,0.4476,166700.2,0.9255,0.000191638,1.3,0.31405,-5.4611,0.9,0.10111,126.3996,4.0,0.5177,54622,5696,1
181,My American Heart,40ahTPmIE9WQOOTutV1dwc,f5dcf1ca-1954-4599-bbfd-01a7c140f661,2000,0,30,punk christmas,21.6,0.1105307,0.5109,222698.6,0.7454,1.686e-06,6.5,0.17715,-6.2482,0.3,0.06023,130.4838,3.9,0.5545,3025914,167112,1
182,Nathen Maxwell,224j4wUrjwFUDDUFfMmX0Y,938aacfa-9d6c-4e16-a0bb-5eda097637f0,0,3,0,0,3.0,0.00731,0.504,221586.0,0.577,0.318,9.0,0.174,-9.472,1.0,0.0275,93.967,4.0,0.533,1435,340,1
183,Neck Deep,2TM0qnbJH4QPhGMCdPt7fH,c41dd59f-d805-41df-9e0e-83ec0f9f468e,2010,0,65,alternative emo,55.3,0.09574912,0.4113,187326.1,0.8683,0.18529108,4.3,0.1273,-3.9917,0.8,0.08082,131.1649,3.9,0.4733,3025529,65871,1
184,Neo Geo,3tFJUaoaZtYf52mrYYtcb0,979e0f4c-f132-44f3-b87f-e6f6c771ecb8,2010,0,10,0,4.6,0.05010228,0.464,218486.5,0.8401,8.2352e-05,6.4,0.22437,-5.1116,0.5,0.09045,153.5002,4.0,0.4381,79765,8587,1
185,Never Shout Never,5pUmXBIQtqpvdV1HAy2xYC,2d5b19d2-2e63-4416-a99e-044ab302811c,2010,0,61,alternative pop rock,49.8,0.51272,0.7232,156805.9,0.5022,1.09e-07,4.2,0.21303,-7.2542,0.9,0.10899,113.0346,3.9,0.5594,17019339,337587,1
186,New Beat Fund,5IqdTZwvASXwM39z5qPqAA,3d9def5c-8223-4d06-a609-c2d296fdf0e5,2010,0,44,indie rockism,31.0,0.010693,0.575,226185.3,0.8015,0.00040135,5.6,0.23249,-4.9758,0.7,0.06981,139.3057,4.0,0.6429,44898,10826,1
187,New Found Glory,4ghjRm4M2vChDfTUycx0Ce,6acb932e-840d-47ac-8e0d-725ad8a6e52c,2000,7,62,alternative emo,46.5,0.0806359,0.4801,204452.4,0.8902,0.01660582,4.4,0.18376,-4.2238,1.0,0.0764,135.11,4.0,0.5916,34367279,1023578,1
188,No Bragging Rights,6b0TUydvuFHiCMET4SZ0L2,224a4ffb-4a46-4312-b98a-afda163114ab,2000,0,36,metalcore,23.8,0.00280629,0.346,223619.0,0.9603,0.002972545,4.3,0.20419,-3.1915,0.6,0.11738,121.309,3.6,0.28331,639293,22335,1
189,NOFX,4S2yOnmsWW97dT87yVoaSZ,dcaa4f81-bfb7-44eb-8594-4e74f004b6e4,1990,4,66,funk rock,47.8,0.00311072,0.4188,152574.8,0.9259,0.0051801,5.2,0.23496,-6.191,0.7,0.09037,142.226,4.0,0.5176,55482472,1026814,1
190,Norma Jean,55b0Gfm53udtGBs8mmNXrH,a02b1a45-271c-4bc3-9d82-68bb896cb5fd,2000,2,50,christian hardcore,39.5,0.19444623,0.3726,198745.1,0.8191,0.23866338,6.0,0.3318,-7.7543,0.8,0.13958,124.0147,3.4,0.16963,11933960,294643,1
191,Not On Tour,16WDYbEW4sAp744DVfmr3u,e0d2ca1d-5fc6-468c-80fd-0fa89caf5baf,2010,4,28,0,17.8,0.0036992,0.5557,81529.8,0.9735,0.000176957,4.3,0.21796,-3.6298,0.5,0.09301,112.3958,3.8,0.6544,222514,3377,1
192,Nothington,0mTf5njyjkaAb4tpJsTQYE,91a8e9da-8671-45d6-98d3-23d78fe632b6,2000,1,32,folk punk,23.0,0.029307292,0.4322,190022.5,0.9155,0.000250246,5.3,0.23358,-4.0719,1.0,0.07043,127.7743,3.9,0.4143,1116148,41745,1
193,Of Mice and Men ,4tususHNaR68xdgLstlGBA,82b6784e-8161-42a0-9b5c-b9d31e63fd85,2010,5,65,alternative metal,53.8,0.07878485,0.4704,214509.0,0.8627,0.001193046,4.2,0.21319,-4.3146,0.7,0.05468,138.3336,3.7,0.37983,13715534,227721,1
194,Olympia,4dxO8WyhmkXoF2gNAVgnay,dc5b5bc2-5dfd-4073-8e61-8b6cd9ad428f,2000,0,36,deep australian indie,13.6,0.061,0.4929,226898.4,0.6677,0.00273696,6.8,0.14394,-3.7294,0.8,0.03077,127.3631,4.0,0.4248,80548,12268,1
195,Only Crime,77B3UTPWOJL6ZF0uOTZ4Iq,a22b573a-7cd7-4580-afd1-a5fd890e17a4,2000,3,19,fast melodic punk,11.5,0.00015031,0.2886,139953.2,0.9816,0.001100967,4.9,0.24148,-3.9324,0.7,0.13305,152.7305,4.0,0.3686,652396,64612,1
196,ORESKABAND,56OQWVhAWYw1yRxD0R2HSR,7363c329-6aec-4a30-ab64-a1c426a6bc86,2000,0,16,j-poprock,8.2,0.093278,0.6152,185581.4,0.8881,0.151516914,6.0,0.153865,-3.2399,1.0,0.08371,154.4451,4.0,0.7452,640253,34388,1
197,Our Last Night,00YTqRClk82aMchQQpYMd5,5466b02a-4465-4e87-b372-584cd5f97bff,2000,1,63,emo,52.2,0.00194026,0.461,218963.2,0.9135,0.0046436,5.3,0.20089,-3.7581,0.7,0.06815,114.1938,3.9,0.3426,6238987,205895,1
198,P.O.S.,4sH7SLGP6BLOYDtcP6Lm47,2240cbc4-4408-422a-9947-4283bd132c94,2000,0,43,abstract hip hop,30.8,0.081989,0.583,239915.5,0.7231,2.23e-06,5.6,0.2467,-6.1772,0.3,0.29164,115.7479,3.9,0.5361,0,0,1
199,Paramore,74XFHRwlV6OrjEM0A2NCMF,728ea90d-279b-4201-a8c4-597830883150,2000,0,76,candy pop,64.0,0.03161566,0.5176,238425.3,0.8495,0.000223786,5.7,0.13544,-3.9049,0.7,0.06166,142.1165,3.8,0.5285,165593392,2286926,1
200,Parkway Drive,159qqlGwzE04xyqpfAwRLo,a436dd02-0549-4c91-b608-df451217fdeb,2000,5,65,alternative metal,52.2,0.0006875,0.3954,246723.0,0.9726,0.001668916,6.1,0.30162,-4.008,0.3,0.11606,129.3353,3.9,0.3338,40550852,554382,1
201,Piebald,4rOGGTXaYygtFIHsPgLKJv,403bc4cd-602c-4b59-8379-05cb24f66aa6,2000,1,35,alternative emo,24.3,0.04981505,0.3447,231610.7,0.796,6.9096e-05,6.5,0.19714,-6.4354,0.7,0.081,137.8022,4.0,0.4587,2184738,126010,1
202,Pierce the Veil,4iJLPqClelZOBCBifm8Fzv,8ed919fb-eaee-45a1-ba99-b3ede9ca5f1d,2000,4,71,pixie,48.6,0.00350182,0.5041,246100.0,0.9076,0.000112181,4.2,0.21116,-4.0156,0.5,0.08245,122.8687,4.0,0.4159,15812171,418278,1
203,Poison The Well,71t8oi0TjZ9Op6JRrVqaBx,5275425d-3cdb-4a9a-b9eb-3e246ec69881,2000,1,40,chaotic hardcore,28.4,0.00019018,0.3443,226293.7,0.9081,0.096536211,3.9,0.3131,-5.8418,0.9,0.14266,123.7909,3.9,0.14256,6630840,209328,1
204,Polar Bear Club,1p6hpm6uzCPHdSfrzQwnQA,c4975d06-72e9-4be4-bfd9-d7e9ae46ffe8,2000,0,38,alternative emo,26.0,0.02853811,0.3898,221524.0,0.8749,7.8456e-05,4.0,0.28209,-4.5342,1.0,0.06981,136.415,4.0,0.3942,5242094,101845,1
205,Pour Habit,3yLYG7pSwIPiCzlBiD9xRq,dd37c17b-bcce-4d83-abbf-03cde33229e3,0,0,22,fast melodic punk,8.3,0.00230055,0.3481,169925.3,0.9892,0.014548754,4.8,0.32122,-2.1055,0.8,0.10966,166.2444,4.0,0.4531,402008,18831,1
206,PUP,6A7uqgC2N1nUhrCLAytHxN,7c6a545e-7395-4bc5-81b3-199ca46ead04,2010,0,54,alternative emo,45.4,0.003635641,0.3431,184041.3,0.9567,0.001039752,4.8,0.13194,-2.8243,0.7,0.08775,150.2815,3.6,0.3351,1074698,35888,1
207,PVRIS,6oFs3qk4VepIVFdoD4jmsy,de210c9e-fbf6-4827-987f-dd8885f5d890,2010,0,63,emo,52.4,0.224196,0.5361,237840.6,0.6814,0.00315532,4.6,0.21525,-7.286,0.1,0.05119,120.6932,4.0,0.3604,2726475,80327,1
208,Real Friends,6dEtLwgmSI0hmfwTSjy8cw,9ac8bee0-1c34-46c6-9eee-ee1eb96df282,2010,0,58,alternative emo,43.4,0.064098215,0.4406,184223.2,0.883,0.14951124,4.3,0.20485,-4.9186,1.0,0.07741,147.5204,4.0,0.4042,2589105,56226,1
209,Relient K,3nJWBJvK7uGvfp4iZh9CkN,a49b5d41-7399-49ef-bcb8-a5779a30d2e9,2000,8,65,ccm,50.3,0.147785,0.4818,181946.7,0.7716,0.001155101,6.1,0.13385,-5.3996,0.9,0.04753,136.7226,3.9,0.5083,22590699,688985,1
210,Riff Raff,31IZdHrCZ5pRhLz4zBxN3o,f0bf3f58-bfc9-404b-ac54-49e04544a757,2010,2,60,deep trap,47.6,0.17769,0.8268,199376.8,0.6274,0.000701836,7.0,0.17972,-6.0638,0.5,0.19131,131.2116,4.0,0.35424,1992019,87043,1
211,Rise Against,6Wr3hh341P84m3EI8qdn9O,606bf117-494f-4864-891f-09d63ff6aa4b,2000,10,75,alternative metal,56.4,0.1123402,0.4508,214341.3,0.8536,0.000181081,5.0,0.15318,-4.1852,0.4,0.07352,133.1267,3.9,0.4735,134381125,1928781,1
212,Riverboat Gamblers,70IS631hJba0OuAbmhZNOq,32a69c22-6ed7-4489-88c7-2181e458abf3,2000,1,33,melodic hardcore,22.4,0.001849271,0.3122,156850.5,0.9519,0.00055103,5.5,0.22793,-4.4705,0.9,0.08456,148.9437,4.0,0.5037,843119,46461,1
213,ROAM,0q74f5UdR3j14Lis4AKKxq,cc51d016-a8c8-44b4-a89c-3c12e2812c03,2010,0,43,alternative emo,35.0,0.0613918,0.489,185200.7,0.885,1.15e-05,4.9,0.2766,-4.4474,0.8,0.07635,125.1221,3.9,0.5255,215605,11921,1
214,Rob Lynch,1s5m6hsCoobS4V4DbQDKwr,2e04cc8e-8c0c-4328-a83c-e23642b9972d,2010,2,27,0,5.6,0.25756,0.5962,205662.1,0.7845,1.13e-07,6.4,0.27429,-5.649,1.0,0.05554,142.8728,3.9,0.6036,99147,4395,1
215,Rotting Out,7tjMOkm52H3Qiz3ty2tbNw,7aa46a37-686f-4258-9f24-e760f28860ac,0,0,34,alternative emo,24.9,0.00084073,0.3422,128049.7,0.9848,0.263928,5.0,0.21816,-3.1577,0.6,0.19071,154.2443,4.0,0.4463,1242933,28858,1
216,Ryan's Hope,0nSihIfSPfWCg8JUdPm28q,e966076c-5c85-4c01-876f-cd2ecded6760,2000,0,9,0,19.0,8.19e-05,0.168,233440.0,0.904,5.67e-05,4.0,0.0226,-4.771,0.0,0.0847,95.005,3.0,0.36,156163,8690,1
217,Safe To Say,1UMPTkUA7exbVr8owxbLqy,d958e2fd-e2ba-491b-ad52-fe074a0a7b03,2010,0,32,alternative emo,23.0,0.02738781,0.4498,196167.7,0.807,0.160623,5.3,0.2874,-7.3407,0.7,0.08492,127.9617,4.0,0.35497,72114,4707,1
218,Saves The Day,5gWhlJBlLQGLOgYWO8lwCU,593f8594-83ad-4df4-a9b8-e4d225f55440,2000,9,50,alternative emo,37.8,0.0215496,0.4477,187617.2,0.8661,4.24e-06,5.7,0.18839,-5.8397,0.8,0.09994,142.9135,4.0,0.5615,21520650,519261,1
219,Say Anything,3ImqpXKKgkH5VydfgX1hd4,ee90d1b3-a4e2-4d18-9092-111d856e7e7a,2000,1,57,alternative emo,43.8,0.060818,0.5091,223950.9,0.8031,1.52e-07,7.1,0.20072,-4.7103,1.0,0.127,136.9987,3.9,0.5928,29158119,648746,1
220,SayWeCanFly,6nKQmcReKxJx1vUt9g25j6,b4e501fe-3b2b-4939-80d3-8f071efa6519,2010,0,51,alternative pop rock,39.2,0.44278,0.5395,226749.6,0.5421,2.4951e-05,6.0,0.15451,-7.6897,0.6,0.03801,123.4577,3.9,0.3966,101266,5779,1
221,Seaway,0JXDwBs1sEp6UKoAP58UdF,22cd5803-eb43-443f-955c-a0364f42a8bb,0,0,47,alternative emo,37.3,0.00133516,0.4872,186591.8,0.9052,7.54e-06,5.2,0.21068,-3.6013,1.0,0.09257,132.8955,4.0,0.5691,396766,13166,1
222,Secrets,1TRVqozKc5Qk1cjwRdWBSl,d657331b-bb90-406e-809a-9da590b1d3bb,2000,0,52,metalcore,41.0,0.100198895,0.4718,226033.3,0.8922,0.0851757,5.6,0.24481,-4.1347,0.3,0.08778,138.4613,4.0,0.3939,1628263,69449,1
223,Senses Fail,591yCCsZCLXvaJ0Rg38vLZ,b4946461-dacb-4aa9-a77c-7b3231317794,2000,1,57,emo,45.6,0.029597924,0.4716,207772.0,0.8693,0.010242703,3.7,0.2522,-4.8464,0.4,0.09619,142.9801,4.0,0.4416,20801373,659436,1
224,Set If Off,0,3f4fb24a-4832-4b7a-8f39-c0663699ed5c,0,0,0,0,0.0,0.0,0.0,0.0,0.0,0.0,0.0,0.0,0.0,0.0,0.0,0.0,0.0,0.0,1178882,48406,1
225,Set It Off,06bDwgCHeMAwhgI8il4Y5k,3f4fb24a-4832-4b7a-8f39-c0663699ed5c,2000,0,64,electropowerpop,52.6,0.0136141,0.5157,198767.9,0.9005,0.0,3.9,0.19476,-4.0383,0.2,0.07924,149.5001,4.0,0.6379,1178882,48406,1
226,Set Your Goals,2Ivw6FhAZpa7kiAXWztCq5,03d8f83e-a647-4bde-968a-189c0f147783,2000,0,46,alternative emo,34.4,0.00201042,0.4111,200752.0,0.9654,0.000302273,6.9,0.32754,-3.4329,0.6,0.20199,154.0299,4.0,0.3619,11608145,306350,1
227,Sharks,58r5QdZ8pIIydoNTLcM5eO,bbc539ca-0162-47e8-8623-16c8bf9818da,1980,0,39,death core,30.4,3.6628e-05,0.4295,241742.7,0.9585,0.2455071,5.1,0.1869,-4.9895,0.7,0.09884,132.4211,4.0,0.11187,624893,32701,1
228,Shiragirl,3v9yUMUcVUvIUKGoeUN2zZ,48eb1389-2b3a-45b9-94f7-c25c18a23036,0,0,0,riot grrrl,0.1,0.070873,0.6369,179840.0,0.861,0.025101445,7.4,0.22857,-4.3322,0.8,0.14917,131.6912,4.0,0.5784,7211,1770,1
229,Shy Kidx,0QLd7aWdW8KKOKKLJL1fmI,3a5b41fa-78cd-4d5d-ae15-0d83d8a10b76,2010,0,31,0,13.3333333333,0.001208,0.568,261980.0,0.955333333333,0.1137,3.66666666667,0.186666666667,-2.64833333333,0.333333333333,0.0856333333333,126.691333333,4.0,0.491,18444,3497,1
230,Silverstein,1Tsag5J854qxeOo2apszug,d89de379-665d-425c-b2e9-41b95d1edb36,2000,6,60,emo,45.5,0.06770633,0.462,240647.7,0.78,0.00095589,4.9,0.20956,-5.7305,0.5,0.06639,124.1839,4.0,0.3595,28203843,680031,1
231,Sing It Loud,4bQns2oAu4mwPsk3bmm7Jl,b5f4bcd6-1882-4848-b6de-dd61d055d27e,2010,0,25,alternative pop rock,17.5,0.02860539,0.528,202885.3,0.7794,0.00085217,5.2,0.191,-5.277,0.9,0.03848,124.1137,4.0,0.6085,1745189,155075,1
232,Skip The Foreplay,2gr04t4Xhz9UgUQglEAiMC,91b2f47b-0fa5-494d-a1bd-7c0c12b4dfec,2010,0,35,post-post-hardcore,24.2,0.00042756,0.476,195154.8,0.9679,0.000712766,6.6,0.18663,-4.2376,0.7,0.19156,145.8633,4.0,0.27094,447875,16497,1
233,Slaves,4rMxZovfLSDjEL9eI2pKo7,854b9c17-630d-407a-89be-e889f9539246,1970,1,46,0,34.4,0.0790593,0.3557,219738.6,0.8769,1.3983e-05,5.3,0.382,-2.881,0.4,0.06721,110.7299,3.8,0.4154,1652482,77273,1
234,Sleeping With Sirens,3N8Hy6xQnQv1F1XCiyGQqA,3267d5a3-c72c-4c3b-bafe-ec8a569c0b74,2010,5,70,pixie,59.1,0.1226829,0.4781,207732.8,0.7719,9.24e-06,5.6,0.2643,-5.3577,0.5,0.13485,124.5076,4.0,0.3568,14102393,242059,1
235,Smoke or Fire,5ciqqslENhC2wWul0HL2Mp,e601c7cc-1939-469a-ab36-7eecbd448be7,2000,4,29,folk punk,15.9,0.0010597,0.4266,164254.6,0.8952,0.07728814,4.8,0.22993,-5.3657,0.8,0.09017,136.7618,4.0,0.6777,1472126,75479,1
236,Sparks The Rescue,07DRdecWdrPljDGClOl3nL,0002f649-8285-4a72-b847-b3854e1a449c,2000,0,36,alternative pop rock,18.5,0.086958,0.4844,204576.8,0.8622,2.64e-07,3.5,0.24399,-4.0983,0.9,0.06246,125.3886,4.0,0.5632,1727042,131165,1
237,State Champs,1qqdO7xMptucPDMopsOdkr,e2e9df76-a950-4b8b-b3d1-981624470657,2010,0,61,alternative emo,48.6,0.11905283,0.4467,212402.2,0.8109,6.7e-07,6.1,0.143,-5.1282,0.8,0.07825,141.8832,3.9,0.5411,2041932,52207,1
238,Story Of The Year,0KDuKk6YdEu3hR56HtXmxt,e2c3c508-f0ab-49af-92c9-a81d66d67405,2000,5,55,alternative metal,43.7,0.1205224,0.4306,224818.2,0.8806,2.514e-06,4.5,0.16624,-4.6417,0.2,0.11032,134.0533,3.7,0.3116,19935134,807877,1
239,Strawberry Blondes,5hy9nh1FkFcAQCYK1cpWo8,ee3659f3-74b5-49df-8daa-a97c56e1bd3a,2000,1,12,0,4.4,0.0095437,0.3264,197410.7,0.9278,7.1851e-05,6.7,0.3773,-3.0792,0.9,0.11027,122.8924,4.0,0.5889,57207,3010,1
240,Stray From The Path,5tGG1slV9pkcydU5eQSIvm,0fff8ab2-c500-4564-b4f1-f4da7642d986,2000,0,45,christian hardcore,36.1,0.00105583,0.4488,198700.2,0.9907,1.18e-06,3.1,0.25719,-1.9447,0.7,0.2671,151.3105,4.0,0.1972,2146062,45029,1
241,Street Dogs,0spqoVkfVzRyAPmA6ZY5F9,7cf785c5-0b1b-45d0-a851-f820af381ce3,2000,6,39,melodic hardcore,26.1,0.0649813,0.448,181069.3,0.8954,1.2e-07,4.4,0.23499,-4.9259,0.9,0.08174,139.1495,3.9,0.5788,2688934,165261,1
242,Streetlight Manifesto,1OKOTYGoCE2buxTYMegJp7,cbc9199f-944b-42e9-a945-627c9fc0ba6e,2000,9,57,comic,45.7,0.053946,0.5817,282190.8,0.8499,0.001621607,7.6,0.1275,-4.5341,0.7,0.09808,140.0115,4.0,0.7306,16621214,321289,1
243,Strung Out,07ATE522e8aDsEb0JVLYqg,0220a594-56a1-47ca-8288-001ead3a3546,2000,6,49,emo,27.5,4.2334e-05,0.3954,222779.8,0.9651,0.034837,4.8,0.28541,-4.0288,0.6,0.12029,139.4894,4.0,0.4181,7077374,282729,1
244,Sum 41,0qT79UgT5tY4yudH9VfsdT,f2eef649-a6d5-4114-afba-e50ab26254d2,2000,8,73,alternative metal,57.5,0.00228625,0.4172,206502.6,0.9106,0.021212947,6.0,0.2055,-4.4958,0.9,0.09109,144.1249,3.9,0.4844,82008526,2135575,1
245,SYKES,2Rf4X6m0oayCJhaJ5K63GQ,719b335d-de0c-46f6-9f04-4e1820d720af,0,0,68,dance pop,41.9,0.308194,0.5771,224209.2,0.648,1.29e-06,6.5,0.22895,-5.2372,0.5,0.09982,115.5937,4.0,0.6157,45085,7639,1
246,TAT,3K6nJP2pTbavTWbRBg0tQS,1e3a9bd6-0dc6-48fa-8d6f-7bed99b1af2d,0,0,35,0,14.3,0.105906,0.7986,151217.6,0.6323,3.16e-06,4.8,0.16775,-9.4916,0.8,0.3168,142.8766,3.9,0.4641,328067,10853,1
247,Teenage Bottlerocket,0mGyXXKzoR5KAAh4Mkef2W,b2905cf4-10cc-46e2-a2cb-8b40ade3138d,2000,5,47,folk punk,32.2,0.00954686,0.4964,142803.3,0.9563,0.010101499,5.9,0.20911,-3.6099,0.8,0.07589,134.9718,4.0,0.6714,3163311,91065,1
248,Terror,5QatamYwvUTOmMHW6WA0AG,697eba1a-bf52-46b1-a19f-4d7190b63e5c,2000,5,75,indie poptimism,61.4444444444,0.424333333333,0.676666666667,171426.555556,0.417111111111,0.0131910722222,6.55555555556,0.1859,-8.18611111111,0.444444444444,0.136344444444,105.001333333,4.22222222222,0.424666666667,8940689,194903,1
249,The Academy Is...,3jwm6OBdUY5xzFiFIPhMHu,eb8ff09f-0b63-4c5e-96dc-b6dadeb794ac,2000,8,49,emo,37.6,0.0270108,0.455,200664.4,0.889,1.365e-06,5.5,0.20117,-4.3884,0.8,0.11628,151.0052,3.9,0.42364,23633690,738865,1
250,The Aggrolites,5tdgsoMr7dIrcVUVauzuvM,ac241ded-3430-4f42-8451-f78667cc2f52,2000,9,39,rock steady,26.3,0.16796,0.7513,218685.3,0.7488,0.07556039,6.7,0.18494,-6.3611,0.7,0.06409,113.4121,4.0,0.8782,2237266,104174,1
251,The American Scene,2ij0RdiGAa1sEKWEBwLhXm,ad8b5187-1c63-4683-b81f-00ceaee9a6cf,2010,0,28,alternative emo,18.3,0.08395038,0.5144,194174.7,0.798,0.0014236,6.0,0.17218,-5.7415,0.7,0.04584,129.7624,4.0,0.5672,329891,16205,1
252,The Ataris,3LC8PXXgk7YtAIobtjSdNi,57805d77-f947-4851-b7fb-78baad154451,2000,6,54,emo,38.3,0.00323064,0.3889,220726.6,0.9344,1.6435e-05,5.8,0.26945,-3.8076,0.8,0.06803,165.8122,4.0,0.5097,12589100,676935,1
253,The Beautiful Bodies,0,33458f5a-667d-42d3-aa9e-f737a8707169,2010,0,0,0,0.0,0.0,0.0,0.0,0.0,0.0,0.0,0.0,0.0,0.0,0.0,0.0,0.0,0.0,4005,677,1
254,The Black Dalia Murder,0,21f3573f-10cf-44b3-aeaa-26cccd8448b5,0,1,0,0,0.0,0.0,0.0,0.0,0.0,0.0,0.0,0.0,0.0,0.0,0.0,0.0,0.0,0.0,18855155,324627,1
255,The Blackout,35b2hm2fvbdZnckJO6FijB,9bfef3c0-ef69-466a-bb06-cff2a24594a4,2000,0,38,british alternative rock,26.1,0.00028931,0.4894,206766.4,0.9432,0.002144169,5.7,0.32811,-3.5813,0.6,0.06879,107.6559,4.0,0.3447,5438570,221794,1
256,The Bouncing Souls,3mvTAjG7rcyk7DQzLwauzV,429d5f26-329c-41cc-bdff-17c29dbf1fb8,1990,5,52,emo,39.9,0.02475541,0.3738,158995.8,0.9441,0.03325097,4.2,0.34372,-4.2737,0.8,0.0723,116.4044,3.9,0.5359,10933665,412149,1
257,The Briggs,63YfNw6QHkJQnLyH8MG384,d580b213-909c-4cef-9e1c-0e8864aa4492,2000,4,30,heavy christmas,19.7,0.090555,0.4794,189875.2,0.8896,4.28e-07,2.8,0.18523,-3.969,0.8,0.07442,132.1828,4.0,0.6289,819774,73133,1
258,The Casualties,5uMNhVG30JzeZ5xtPb1tqR,d2bf45ea-1d83-4fa7-9613-459071a08cf1,1990,5,44,crossover thrash,31.9,0.006281134,0.3287,135530.5,0.9901,0.006290676,6.1,0.28989,-3.4058,0.5,0.13166,134.0843,4.0,0.29651,4614811,184532,1
259,The Color Fred,6EHCYv0H2JurdIE42TmYZb,be136e58-ccf5-47f0-a000-6e8d7eb3bae0,2000,1,21,dreamo,11.5,0.0971923,0.5153,233745.3,0.7589,1.146e-05,4.4,0.17218,-4.4348,1.0,0.05083,120.2684,4.0,0.566,704352,62401,1
260,The Color Morale,3QHJftSfNb6KIerLVsx7zn,97916e3f-2152-43ba-8190-63a269c3030c,2010,0,53,death core,39.0,0.000206115,0.355,227656.0,0.9584,0.431373,6.9,0.25324,-3.5684,0.7,0.13817,141.7314,4.0,0.2352,2686711,63273,1
261,The Devil Wears Prada,0NbQe5CNgh4YApOCDuHSjb,43c0958c-27ef-46c4-b4cc-83cfca54170d,2000,1,58,christian metal,45.5,0.004051907,0.416,208326.3,0.9427,0.377206137,6.5,0.21294,-3.6814,0.4,0.12279,133.8286,3.8,0.13105,26727905,579708,1
262,The Dirty Nil,2mGENPk4M4jtaf5D7fDi98,039ab342-efb8-472e-817c-5800d3a70493,0,0,33,indie punk,23.3,0.000168937,0.2371,156630.6,0.8829,0.277517158,7.2,0.2658,-4.9861,0.9,0.07966,108.9054,4.0,0.26837,107053,7827,1
263,The Early November,2rxtSTPBJawYhQAXIpgEAi,8448783d-a68c-490f-b5c5-4a6364ef5537,2000,5,46,alternative emo,34.1,0.18032564,0.4296,227928.6,0.6983,0.000968812,5.2,0.25004,-4.0854,0.7,0.05616,118.5987,3.8,0.3453,9669686,407299,1
264,The Exposed,5gzd4Bbcd5Cq7HZAY8QW7f,27c47a11-4b50-437a-8736-bd38ffe2b74e,2000,0,2,0,0.6,0.188142,0.5784,183574.7,0.5369,0.036132233,4.8,0.18172,-12.8358,0.9,0.03193,125.2949,4.0,0.6669,13067,2408,1
265,The Fabulous Rudies,4WWtiYCtpbF3vArSbnuQFD,fe60ae16-7d08-416b-a0ea-7f226141d562,2000,0,4,0,1.4,0.0140022,0.6364,233214.5,0.7509,0.01156801,4.7,0.14719,-6.5064,0.6,0.05195,133.0324,4.0,0.7705,13662,3972,1
266,The Flatliners,6bx5jeXP6LSRVY29adUFdB,e5b8c0f3-0752-4a76-987a-96098ce9d490,2000,4,47,alternative emo,31.9,0.004847591,0.4152,182406.8,0.9373,0.047424129,6.1,0.23533,-3.5834,0.8,0.08665,140.3287,3.9,0.5542,4158162,112276,1
267,The Frantic,21QeLiM1lkgJWKP7knbR78,6210adf6-dd8f-46e9-8491-804f40594b82,1960,0,6,0,2.4,0.0928994,0.4657,151198.3,0.9022,0.08690346,5.0,0.23817,-5.0545,1.0,0.0883,144.6041,4.0,0.6088,35076,3753,1
268,The Gaslight Anthem,7If8DXZN7mlGdQkLE2FaMo,f208f09e-b5b3-4b06-87cd-f7230fae17e3,2000,4,59,emo,45.2,0.1039935,0.4655,211305.2,0.7973,0.000728519,5.4,0.24253,-5.7249,0.8,0.0647,143.2758,4.0,0.50061,34023098,548813,1
269,The Ghost Inside,6kQB2RN7WwryMdJ1MoQh1E,6fbd58c3-e9b3-4419-a197-0a0f22baed94,2010,0,54,death core,44.3,0.000192449,0.4837,231919.3,0.9681,0.000400928,7.2,0.1652,-3.9776,0.5,0.11479,130.5369,4.0,0.286,10522664,214710,1
270,The Higher,6hALa9u5I9KY2PLC2rzsLE,86725eb8-27c1-4356-af5b-10db992eb32c,2000,0,26,emo,17.3,0.236855,0.5637,192721.2,0.7725,0.000144282,3.6,0.20178,-4.6013,0.6,0.07955,129.0499,4.0,0.5889,2363883,135762,1
271,The Human Abstract,2SDGIFzEh9xmE5zDKcMRkj,04762fb6-7671-4b1a-9d24-b39e88592741,2000,0,36,christian metal,27.1,0.00039398,0.415,286525.2,0.9434,0.002606163,5.1,0.17701,-5.4415,0.3,0.12388,136.9089,3.9,0.2579,3401257,105197,1
272,The Interrupters,25Maank76ry2Tmbi2Ql1SF,f8ed032c-0d34-4ae6-a069-91417097509e,2010,4,49,punk,39.2,0.11463,0.576,179785.6,0.9358,0.000408832,3.6,0.31598,-2.4708,0.8,0.05511,137.0317,4.0,0.8141,221095,11427,1
273,The Jukebox Romantics,4UswhxcfY15iWhw8d5LRBV,7e059155-96af-4c5e-88e8-04ee7898f216,2010,0,4,0,0.9,0.029825,0.4093,168721.4,0.9604,0.024239797,6.4,0.16633,-4.8575,0.6,0.11494,143.247,4.0,0.4939,14747,3124,1
274,The Lordz,3iEAVx67Yaf9AcNT9AybuF,c8fff5ec-7879-4b7c-9fb9-1137ee019bce,2000,0,12,0,6.7,0.020094,0.5797,219242.1,0.8666,0.0079524,5.2,0.12622,-4.6154,0.7,0.10945,99.9415,4.0,0.688,61834,8256,1
275,The Maine,4o0pNHbyj36LPvukNqEug0,7bd47e67-ecd5-49d5-837f-c692df38da4e,2010,5,60,emo,44.0,0.0265426,0.5114,219590.4,0.8645,0.00121248,5.9,0.19458,-4.9127,1.0,0.04537,132.8613,4.0,0.605,21318946,553879,1
276,The Marmozets,0,a8397de0-fe98-42db-bf19-c26b99ead138,2010,0,0,0,0.0,0.0,0.0,0.0,0.0,0.0,0.0,0.0,0.0,0.0,0.0,0.0,0.0,0.0,1184073,54015,1
277,The Matches,4Ol9S3QuVEVdbXfSjM6ZdQ,0fc0b0e8-9e40-432d-973e-a184b7be01e1,2000,1,45,deep new americana,35.2,0.53775,0.5712,231969.3,0.5862,0.28832,5.0,0.15711,-10.3428,0.9,0.10188,125.5049,3.9,0.6102,4009968,186578,1
278,The Menzingers,7HWFXU9pHBj0u58yoRwwOJ,3071d829-b9ca-4499-b4f5-74d6d8531aed,2000,4,53,alternative emo,43.7,0.0104132,0.4491,200041.9,0.7843,0.0215911,4.6,0.15223,-4.8009,1.0,0.03521,140.3817,4.0,0.5626,5891727,104260,1
279,The Pink Slips,6fkWlAAWpesLkdp4Cj88Ra,d2efacc3-d71a-4c71-a906-33392d2634f3,0,0,21,0,14.4,0.12280589,0.4822,201221.1,0.7302,0.028504185,5.2,0.20228,-5.5571,0.6,0.08916,132.0559,3.8,0.3242,0,0,1
280,The Protomen,2rVDi66o7gdeUq1OHUzM0W,efbbb96f-7c02-4428-802b-e60335fbb118,2000,25,45,comic,34.1,0.176854,0.4651,347621.4,0.7312,0.0432651,3.8,0.24346,-5.7948,0.4,0.04667,114.8169,4.0,0.27818,2848745,73170,1
281,The Randies,752kASi3ZAR5qkb3pVcvtc,0e8ff165-61d0-4197-959f-66d63d5f6ba3,2000,0,0,power-pop punk,0.0,0.01161843,0.4339,177836.0,0.8653,0.07286319,6.2,0.21755,-6.6621,1.0,0.09228,131.6659,4.0,0.4905,17731,4027,1
282,The Reverend Peyton's Big Damn Band,6Ec85Uubz3lO7BIEvcBfZK,36f0e233-0d56-47d7-bd59-1f3203d40304,2000,1,35,folk christmas,25.1,0.0486713,0.6163,241803.2,0.7797,0.2617597,5.7,0.14876,-4.8925,0.7,0.04565,115.7478,4.0,0.7106,364383,24307,1
283,The Story So Far,6meTcQ79DrfkIuSLPZkpBg,bc303c9e-3ffb-49ca-acf1-088ef4d46ed7,2010,0,63,alternative emo,52.3,0.12945056,0.4642,171142.6,0.8541,5.608e-05,5.1,0.18164,-3.7055,0.9,0.07649,118.8868,3.8,0.3447,9549921,115934,1
284,The Summer Set,0pwyD6DhbFWn8uVSz2Fr0w,2b6b62ee-ff3e-41a4-90b5-3a29f17bfc84,2000,5,55,alternative pop rock,37.1,0.067624,0.6071,211695.4,0.856,3.7025e-05,3.5,0.20677,-3.0692,0.8,0.0586,113.0778,4.0,0.7272,6214416,298675,1
285,The Swellers,1xpkFcz84H5OVOgbDGcYxw,ab82e6a2-3089-4250-9919-0d11298041c9,2000,2,41,alternative emo,27.9,0.00052746,0.4167,202193.3,0.9657,0.001263229,4.6,0.21711,-3.7118,0.8,0.07887,157.3396,3.9,0.5023,2599643,87629,1
286,The Toasters,5TefXCuvQWtRxpWfDdKmNj,f5d56157-c5fe-490f-bf91-8d200e7f9b5f,1980,4,39,punk christmas,25.7,0.052449,0.5749,194858.8,0.8167,0.01684109,4.8,0.30513,-8.0304,0.8,0.10788,156.6652,4.0,0.8179,2486199,180480,1
287,The Unseen,6xEMoIJbN8zgmMpv6Nzt5Z,f4eea5a3-5ce5-4b3a-82ef-884c797b391f,2000,1,38,hardcore punk,23.4,0.00196568,0.353,159482.7,0.9512,0.063206112,5.6,0.28186,-4.3794,0.6,0.11987,135.2382,4.0,0.5583,3255285,172268,1
288,The Used,55VydwMyCuGcavwPuhutPL,8262d8e4-9137-4bb3-a787-3caabbbc13e9,2000,5,64,alternative metal,53.4,0.06646641,0.4322,207786.6,0.8779,4.001e-05,4.1,0.35203,-5.0796,0.5,0.0795,136.6459,3.8,0.3589,49306316,1189771,1
289,The Wonder Years,0nq64XZMWV1s7XHXIkdH7K,ae13e1fc-a2b1-4e3c-bfb9-737d3aeb7dab,2010,2,60,alternative emo,48.3,0.00550096,0.4095,222333.4,0.8085,0.05785719,4.5,0.26084,-5.4312,1.0,0.07981,119.6888,3.8,0.3822,13784898,200959,1
290,The Word Alive,1CF8aEN939swnuIZGFI7Hk,e2cd69b3-ef80-4d53-aa86-a97d6f44573a,2010,0,54,death core,35.1,0.00095112,0.4381,235546.8,0.9205,0.112742681,4.4,0.24322,-4.8779,0.6,0.09794,125.3125,3.9,0.2414,6959261,335945,1
291,The World Alive,0,e2cd69b3-ef80-4d53-aa86-a97d6f44573a,0,0,0,0,0.0,0.0,0.0,0.0,0.0,0.0,0.0,0.0,0.0,0.0,0.0,0.0,0.0,0.0,6959261,335945,1
292,There For Tomorrow,0lYXa6aa87Tz8Jzv1nW4HM,6a8de993-ffd5-414d-a81a-88e11e27d01a,2000,0,48,christian alternative rock,35.8,0.1487065,0.4506,213056.2,0.8115,0.093418604,4.8,0.24894,-5.5645,0.5,0.12773,148.2158,3.9,0.5026,4251570,241431,1
293,Therefore I Am,2X2eOBs8DN3AdlGr8aTyB4,f0b7d19b-c7ae-4baf-8d4f-1858869eb996,2000,0,18,alternative emo,10.7,0.025682,0.3017,220952.6,0.9333,0.001663398,4.4,0.2844,-4.6985,0.2,0.11849,164.4613,4.1,0.16634,428397,23756,1
294,This Time Next Year,1PDYUv6GoP4aqY4I9KrW2e,4c09ca9c-4f79-4a9e-9a85-cd8045af0f27,0,0,29,alternative emo,19.2,0.0801569,0.4142,209854.6,0.8964,0.00014101,5.8,0.16579,-4.1572,1.0,0.1067,162.2682,3.9,0.4781,1247289,76189,1
295,This Wild Life,3eoazmwspxeKFenMP1PQva,be76cc4b-0fe7-4936-b75f-f341769ef638,2010,0,59,alternative emo,48.2,0.49559,0.5015,215913.5,0.5047,0.004430525,7.3,0.12984,-6.6756,0.6,0.03194,134.4799,4.1,0.3375,0,0,1
296,Thursday,61awhbNK16ku1uQyXRsQj5,0acae232-d31a-4211-b6d0-6af1b6350274,2000,5,46,dreamo,35.2,0.00731721,0.3478,230962.8,0.8209,0.038462368,5.6,0.17136,-4.6353,0.6,0.06287,135.4366,4.0,0.36525,18302671,519842,1
297,Tiger Army,7ivKiS6TITQYizkbUUahbi,a043cfa6-6e87-4975-ac27-5005bdfa7afb,2000,5,52,horror punk,40.2,0.03401727,0.5011,209767.9,0.8892,0.007987701,5.6,0.20585,-5.9424,0.8,0.04302,137.0835,3.9,0.7756,6585774,186080,1
298,Title Fight,2CnhqfjUG0qzsru0SMuhrk,1154d345-8061-4d04-a52a-6214288523ac,2010,0,54,alternative emo,42.7,0.105588567,0.4139,181048.2,0.7992,0.2891819,6.5,0.23103,-5.4775,0.9,0.05804,124.1215,4.0,0.22552,12602443,162491,1
299,Tokyo Rose,3kwoPkICT4iPkNjr6mL13N,1b408e8c-7ec6-43c8-a838-76cb6921d1da,2000,4,24,retro electro,17.6,0.022594741,0.563,214143.2,0.7815,0.695600526,5.5,0.2032,-8.4838,0.8,0.06044,141.2177,4.0,0.22545,621310,52011,1
300,Tonight Alive,5pjCYG6hPLBO3y4swxu3dh,712dbd18-d8fd-4bd0-a5b5-edb9577c493f,2010,1,56,candy pop,37.6,0.00386577,0.504,200084.7,0.8629,9.959e-06,6.1,0.17438,-4.2984,0.5,0.05693,124.9457,4.0,0.64,5836132,141326,1
301,Transit,1uQXG73H5lbcxVXcCHSjZ5,4501104e-78e3-454c-a45e-b8e9c27e789e,2010,0,48,alternative emo,36.9,0.034803,0.5861,208851.9,0.8521,0.000286826,5.5,0.15253,-4.3139,1.0,0.05997,124.3332,4.0,0.6324,5076174,101466,1
302,Trophy Eyes,6KPdmtIl0LA5mRFSqseWhI,c4d34bbb-8dbf-468e-bd44-4e5b20200eb2,2010,1,51,alternative emo,42.4,0.05661,0.4363,211795.0,0.8856,2.118e-05,3.3,0.23532,-1.7355,0.8,0.05776,118.0,3.9,0.3902,319325,10237,1
303,Underoath,3GzWhE2xadJiW8MqRKIVSK,674a7e8c-9682-419a-8e05-2358e28b5359,2000,8,57,christian metal,46.7,0.00529691,0.3741,232279.9,0.9208,0.000489689,6.0,0.4363,-4.0024,0.2,0.1457,146.295,3.9,0.26286,33752672,698595,1
304,Vanna,7cXUCar1BPOeMI2qza9oa1,ba9af8e5-c8b3-4038-93a0-ee1e935ebce4,2000,0,47,alternative emo,34.6,0.00580557,0.3803,230597.3,0.9223,1.04e-07,4.7,0.27784,-3.8644,0.5,0.14892,129.2105,4.0,0.21126,3560514,113055,1
305,Veil of Maya,2i7CQcVBh2K6uOR3CH09M1,32e740e5-95ea-42e3-b5e2-29f6630488e4,2000,1,51,death core,41.6,8.313e-05,0.4335,184663.6,0.9806,8.378e-05,4.2,0.3964,-2.3397,0.7,0.15317,130.6574,3.1,0.2659,6461038,134152,1
306,Versa Emerge,0,89f0f457-c489-450e-a6ab-e3180dfb0bb6,0,0,0,0,0.0,0.0,0.0,0.0,0.0,0.0,0.0,0.0,0.0,0.0,0.0,0.0,0.0,0.0,17615,3175,1
307,VersaEmerge,429v4ypVJLyIyC4hKea0KN,e2b0ff88-ab0b-46b3-be3f-54a0c6124921,2000,0,41,candy pop,29.1,0.1105736,0.4931,203798.5,0.7789,2.66e-06,5.6,0.20242,-5.3436,0.3,0.06388,131.7472,4.0,0.39663,6098438,127490,1
308,Voodoo Glowskulls,0,2ac08359-7091-479a-a397-6eac56683218,0,13,0,0,0.0,0.0,0.0,0.0,0.0,0.0,0.0,0.0,0.0,0.0,0.0,0.0,0.0,0.0,2120843,158110,1
309,Wage War,6bu7CtcOMWcS0BMq7snHW6,653f3412-63c8-4bd8-bce1-a33aaf93a837,2010,0,51,death core,37.4,4.363e-05,0.4845,221852.1,0.969,0.11567908,6.6,0.23636,-5.5718,0.7,0.15121,140.999,4.0,0.2343,0,0,1
310,Waterparks,3QaxveoTiMetZCMp1sftiu,5028bb70-8872-4806-8b4a-b693ae0da7fc,2010,1,54,anthem emo,42.4,0.0708725,0.5216,207507.2,0.8641,0.0,4.7,0.21817,-3.6412,0.6,0.0713,135.1715,4.0,0.5051,0,0,1
311,Watsky,3mJ9GlkLzj8Ka7Z7EQaCMi,518bc0da-3674-463d-833c-deefd884c068,2000,0,65,abstract hip hop,53.6,0.38394,0.6448,206272.0,0.7317,0.014228162,6.0,0.19714,-7.5756,0.3,0.32572,100.9663,4.0,0.4441,2433658,69931,1
312,We Are In The Crowd,1BSXtdFlVDUOS6g1T3tmME,962ae8bb-9e0d-45c0-bfc1-542f3c019e3c,2010,1,49,alternative pop rock,38.4,0.02256972,0.4754,193871.1,0.8491,0.0,5.6,0.18296,-5.209,0.7,0.08976,152.0885,3.9,0.5821,3878086,115718,1
313,We Are The In Crowd,1BSXtdFlVDUOS6g1T3tmME,962ae8bb-9e0d-45c0-bfc1-542f3c019e3c,2010,1,49,alternative pop rock,38.4,0.02256972,0.4754,193871.1,0.8491,0.0,5.6,0.18296,-5.209,0.7,0.08976,152.0885,3.9,0.5821,3878086,115718,1
314,We Are The Ocean,5RTzLFUNaRULfg2DPh5DPO,f2799f27-ab83-4b27-95ac-f51e49fb82f8,2010,0,41,british alternative rock,19.2,0.09577149,0.4379,207549.9,0.8167,0.072955675,5.2,0.2728,-5.3348,0.4,0.06943,145.9155,4.0,0.399,5025110,178872,1
315,We Came As Romans,6qO6LhD6FuXK5e2PtfAIMz,dc0da7d1-231c-4058-8e6e-1c0801848602,2010,2,62,emo,46.9,0.00262081,0.4955,210528.6,0.9114,1.458e-05,4.5,0.21729,-4.5441,0.6,0.08159,136.0422,4.0,0.481,12825556,455901,1
316,Well Hung Heart,5sKmoYmd4xfemyKwnMy6BA,cf5f63df-b182-49b0-860f-af2dca75ce0d,0,0,11,0,4.9,0.01036622,0.4576,196202.6,0.7786,0.2929307,7.1,0.24655,-4.8401,0.8,0.05669,112.8536,4.0,0.4431,9180,1134,1
317,Westbound Train,5p6lcERrLISBe7SLKgjDdT,cee240d9-33e6-4e9c-8d4d-70b32abd1248,0,0,27,ska,16.9,0.20399,0.6213,236333.1,0.6555,0.00142376,7.1,0.23686,-5.6864,0.8,0.05229,125.1007,3.9,0.7964,723019,53969,1
318,Whitechapel,5274obTQJjzjyycRyJlfml,56ba013c-610e-4d9b-98ed-c2ccff977a9e,2010,7,56,alternative metal,45.4,0.00667084,0.3607,260867.3,0.9656,0.12649962,5.7,0.22673,-4.171,0.7,0.16354,136.6589,4.0,0.14441,10684270,251340,1
319,With Confidence,2PWXHVDEtObSmUrNhfPRav,7ebbfea2-3202-4ae5-b351-879d2cbcce8c,2010,5,55,anthem emo,47.1,0.1113445,0.555,198551.5,0.7586,0.004713579,5.0,0.2251,-5.7845,0.8,0.0603,114.8795,4.0,0.47639,117540,11745,1
320,"Woe, Is Me",7AzzsLSrHV9darZnK3RSDN,52ebe714-8400-45c6-9091-e9c3238b4eb6,2010,0,51,metalcore,38.9,0.01954325,0.4649,207993.1,0.9049,0.000449041,5.8,0.35786,-4.3405,0.5,0.13074,134.8508,4.1,0.3364,672643,41205,1
321,Yellowcard,3zxKH0qp3nBCuPZCZT5Vaf,3630fff3-52fc-4e97-ab01-d68fd88e4135,2000,10,67,bow pop,56.0,0.000139243,0.4381,221422.6,0.8866,0.00108954,4.8,0.14239,-4.7166,0.5,0.06646,162.0193,3.9,0.4712,44602931,1423035,1
322,You Me At Six,1kNQXvepPjaPgUfeDAF2h6,fb4fc5a6-cbe1-45ff-954c-ef45faceb54d,2010,1,66,british alternative rock,51.2,0.0624299,0.4968,202940.0,0.7901,0.000324185,2.6,0.19765,-4.8024,0.7,0.05241,121.0535,4.0,0.3629,26080552,580129,1
323,Young Guns,4v4qHupYi7eRJfkniHrp4Z,40a10c54-06a1-46ad-9161-53e989c4ca95,2010,5,53,0,35.6,0.003497669,0.4563,211643.9,0.9193,0.14964265,4.3,0.24084,-4.7791,0.4,0.07304,133.8183,4.0,0.3811,4389357,167354,1
324,Young London,3ulJjSs473UhEs4zpOR6CX,a27aded6-d4aa-420b-9532-e6fb104a2127,2010,0,33,deep dance pop,17.0,0.03473567,0.6464,211718.5,0.9042,0.003879594,5.3,0.18931,-4.0299,0.8,0.05411,131.6046,3.9,0.572,72600,8548,1
325,Zox,1TNypPw9rTaEZbIvjlMIHi,5340dcd4-284a-4c72-bbd4-76e522da48e5,2000,4,33,reggae rock,21.4,0.1703652,0.5352,238138.7,0.6933,0.081616228,5.8,0.12652,-7.6792,0.6,0.07452,130.5476,4.0,0.6277,893022,56898,1
